Year,Player,Pos,School,Height,Weight,40yd,Vertical,Bench,Broad Jump,3Cone,Shuttle,Drafted,Round,Pick,Sacks_cumulative,TFL_cumulative,QB_Hurry_cumulative,Sacks_final_season,TFL_final_season,QB_Hurry_final_season
2010,Rahim Alem,DE,LSU,6-3,251.0,4.75,30.5,,106.0,7.54,4.8,False,,,,,,,,
2010,Tyson Alualu,DE,California,6-2,295.0,4.87,35.5,21.0,116.0,7.15,4.43,True,1.0,10.0,,,,,,
2010,Kevin Basped,DE,Nevada,6-4,258.0,4.75,29.0,26.0,104.0,7.54,4.88,False,,,,,,,,
2010,Alex Carrington,DE,Arkansas State,6-5,285.0,4.92,,26.0,,,,True,3.0,72.0,,,,,,
2010,Jermaine Cunningham,DE,Florida,6-3,266.0,4.89,,,,,,True,2.0,53.0,,,,,,
2010,Hall Davis,DE,Louisiana-Lafayette,6-4,271.0,4.84,,28.0,,,,True,5.0,149.0,,,,,,
2010,Carlos Dunlap,DE,Florida,6-6,277.0,4.68,31.5,21.0,111.0,7.21,4.61,True,2.0,54.0,,,,,,
2010,Clifton Geathers,DE,South Carolina,6-7,299.0,4.98,36.0,26.0,112.0,7.69,,True,6.0,186.0,,,,,,
2010,Everson Griffen,DE,USC,6-3,273.0,4.65,,32.0,,,,True,4.0,100.0,,,,,,
2010,Greg Hardy,DE,Mississippi,6-4,281.0,4.82,35.0,21.0,117.0,7.25,4.65,True,6.0,175.0,,,,,,
2010,Jammie Kirlew,DE,Indiana,6-1,260.0,5.05,33.0,26.0,111.0,7.5,4.74,True,7.0,232.0,,,,,,
2010,Brandon Lang,DE,Troy,6-4,266.0,5.0,28.5,20.0,104.0,,4.68,False,,,,,,,,
2010,Erik Lorig,DE,Stanford,6-3,281.0,4.86,,,,,,True,7.0,253.0,,,,,,
2010,Greg Middleton,DE,Indiana,6-3,268.0,4.96,38.0,,116.0,7.65,4.69,False,,,,,,,,
2010,Derrick Morgan,DE,Georgia Tech,6-3,266.0,4.77,34.0,,112.0,7.12,4.43,True,1.0,16.0,,,,,,
2010,Jason Pierre-Paul,DE,South Florida,6-5,270.0,4.71,30.5,19.0,115.0,7.18,4.67,True,1.0,15.0,,,,,,
2010,George Selvie,DE,South Florida,6-4,252.0,4.93,30.5,24.0,109.0,7.48,4.63,True,7.0,226.0,,,,,,
2010,Daniel Te'o-Nesheim,DE,Washington,6-3,263.0,4.73,37.0,29.0,121.0,6.91,4.18,True,3.0,86.0,,,,,,
2010,C.J. Wilson,DE,East Carolina,6-3,290.0,4.83,33.0,32.0,116.0,,4.77,True,7.0,230.0,,,,,,
2010,E.J. Wilson,DE,North Carolina,6-2,286.0,4.97,29.5,23.0,,,,True,4.0,127.0,,,,,,
2010,Lindsey Witten,DE,Connecticut,6-4,250.0,4.7,36.5,23.0,115.0,7.32,4.62,False,,,,,,,,
2010,Corey Wootton,DE,Northwestern,6-6,270.0,4.92,,20.0,,,,True,4.0,109.0,,,,,,
2010,Willie Young,DE,North Carolina State,6-5,251.0,4.88,38.0,25.0,118.0,7.24,4.56,True,7.0,213.0,,,,,,
2011,Pierre Allen,DE,Nebraska,6-3,273.0,4.78,,,,,,False,,,,,,,,
2011,Allen Bailey,DE,Miami (FL),6-3,285.0,4.71,36.5,27.0,117.0,7.43,4.56,True,3.0,86.0,,,,,,
2011,Brandon Bair,DE,Oregon,6-6,276.0,4.92,28.0,26.0,114.0,7.07,4.37,False,,,,,,,,
2011,Christian Ballard,DE,Iowa,6-4,283.0,4.75,31.5,,111.0,7.54,4.51,True,4.0,106.0,,,,,,
2011,Jeremy Beal,DE,Oklahoma,6-2,262.0,5.14,28.5,22.0,106.0,7.19,4.46,True,7.0,247.0,,,,,,
2011,Da'Quan Bowers,DE,Clemson,6-3,280.0,4.92,,22.0,,,,True,2.0,51.0,,,,,,
2011,Ugo Chinasa,DE,Oklahoma State,6-5,264.0,4.63,28.0,22.0,117.0,7.07,4.39,False,,,,,,,,
2011,Adrian Clayborn,DE,Iowa,6-3,281.0,4.78,33.0,,113.0,7.3,4.13,True,1.0,20.0,,,,,,
2011,Demarcus Dobbs,DE,Georgia,6-2,281.0,4.87,31.0,,107.0,7.22,4.37,False,,,,,,,,
2011,Ricky Elmore,DE,Arizona,6-4,255.0,4.88,31.5,26.0,106.0,7.25,4.32,True,6.0,197.0,,,,,,
2011,Cameron Heyward,DE,Ohio State,6-5,294.0,4.95,30.0,,,,,True,1.0,31.0,,,,,,
2011,Cameron Jordan,DE,California,6-4,287.0,4.74,31.0,25.0,117.0,7.07,4.37,True,1.0,24.0,,,,,,
2011,Ryan Kerrigan,DE,Purdue,6-4,267.0,4.67,33.5,31.0,122.0,7.18,4.39,True,1.0,16.0,,,,,,
2011,Karl Klug,DE,Iowa,6-3,275.0,4.85,,22.0,,,,True,5.0,142.0,,,,,,
2011,Pep Levingston,DE,LSU,6-3,292.0,4.86,29.5,,104.0,7.29,4.62,False,,,,,,,,
2011,Cliff Matthews,DE,South Carolina,6-3,257.0,4.81,32.0,17.0,112.0,7.21,4.37,True,7.0,230.0,,,,,,
2011,Pernell McPhee,DE,Mississippi State,6-3,278.0,4.91,28.5,20.0,107.0,7.13,4.59,True,5.0,165.0,,,,,,
2011,Cheta Ozougwu,DE,Rice,6-2,247.0,4.84,34.5,26.0,119.0,7.06,4.31,True,7.0,254.0,,,,,,
2011,Robert Quinn,DE,North Carolina,6-4,265.0,4.62,34.0,22.0,116.0,7.13,4.4,True,1.0,14.0,,,,,,
2011,D'Aundre Reed,DE,Arizona,6-4,261.0,4.84,35.5,30.0,119.0,7.24,4.32,True,7.0,215.0,,,,,,
2011,Greg Romeus,DE,Pittsburgh,6-5,264.0,4.79,,,,,,True,7.0,226.0,,,,,,
2011,Jabaal Sheard,DE,Pittsburgh,6-3,264.0,4.68,31.0,,115.0,,,True,2.0,37.0,,,,,,
2011,Aldon Smith,DE,Missouri,6-4,263.0,4.74,34.0,20.0,118.0,7.19,4.5,True,1.0,7.0,,,,,,
2011,J.J. Watt,DE,Wisconsin,6-5,290.0,4.81,37.0,34.0,120.0,6.88,4.21,True,1.0,11.0,,,,,,
2011,Markus White,DE,Florida State,6-3,266.0,4.86,32.5,14.0,117.0,7.25,4.51,True,7.0,224.0,,,,,,
2011,Ryan Winterswyk,DE,Boise State,6-4,268.0,4.96,30.0,18.0,111.0,7.01,4.37,False,,,,,,,,
2012,Frank Alexander,DE,Oklahoma,6-4,270.0,4.8,,,,,,True,4.0,103.0,,,,,,
2012,Jake Bequette,DE,Arkansas,6-5,274.0,4.75,34.0,,113.0,6.9,4.07,True,3.0,90.0,,,,,,
2012,Jamie Blatnick,DE,Oklahoma State,6-3,263.0,4.81,32.5,28.0,112.0,7.22,4.2,False,,,,,,,,
2012,Andre Branch,DE,Clemson,6-4,259.0,4.67,32.5,19.0,120.0,7.19,4.25,True,2.0,38.0,,,,,,
2012,Quinton Coples,DE,North Carolina,6-6,284.0,4.69,31.5,25.0,109.0,7.57,4.78,True,1.0,16.0,,,,,,
2012,Jack Crawford,DE,Penn State,6-5,274.0,4.74,33.0,,116.0,7.15,4.25,True,5.0,158.0,,,,,,
2012,Tyrone Crawford,DE,Boise State,6-4,275.0,4.82,33.0,28.0,113.0,7.09,4.44,True,3.0,81.0,,,,,,
2012,Jared Crick,DE,Nebraska,6-4,279.0,4.91,31.0,,104.0,7.47,4.4,True,4.0,126.0,,,,,,
2012,Vinny Curry,DE,Marshall,6-3,266.0,4.87,32.0,,110.0,6.9,4.4,True,2.0,59.0,,,,,,
2012,Justin Francis,DE,Rutgers,6-2,268.0,4.9,32.0,23.0,109.0,7.05,4.35,False,,,,,,,,
2012,Trevor Guyton,DE,California,6-3,285.0,5.01,31.0,,105.0,7.45,4.53,True,7.0,219.0,,,,,,
2012,Malik Jackson,DE,Tennessee,6-5,284.0,4.85,28.0,25.0,105.0,7.38,4.41,True,5.0,137.0,,,,,,
2012,Jamaar Jarrett,DE,Arizona State,6-5,265.0,4.96,30.0,21.0,114.0,,4.34,False,,,,,,,,
2012,Cam Johnson,DE,Virginia,6-3,268.0,4.75,35.0,,105.0,7.2,4.38,True,7.0,237.0,,,,,,
2012,Chandler Jones,DE,Syracuse,6-5,266.0,4.77,35.0,22.0,120.0,7.07,4.38,True,1.0,21.0,,,,,,
2012,Whitney Mercilus,DE,Illinois,6-4,261.0,4.68,32.0,27.0,118.0,7.17,4.53,True,1.0,26.0,,,,,,
2012,Donte Paige-Moss,DE,North Carolina,6-3,268.0,4.67,,26.0,,,,False,,,,,,,,
2012,Nick Perry,DE,USC,6-3,271.0,4.55,38.5,35.0,124.0,7.25,4.66,True,1.0,28.0,,,,,,
2012,Derrick Shelby,DE,Utah,6-3,266.0,4.87,35.5,26.0,116.0,7.09,4.5,False,,,,,,,,
2012,Jacquies Smith,DE,Missouri,6-3,253.0,4.75,31.5,21.0,110.0,7.25,4.31,False,,,,,,,,
2012,Scott Solomon,DE,Rice,6-3,262.0,4.88,35.0,34.0,124.0,7.17,4.25,True,7.0,211.0,,,,,,
2012,Courtney Upshaw,DE,Alabama,6-2,272.0,4.74,,22.0,,,,True,2.0,35.0,,,,,,
2012,Olivier Vernon,DE,Miami (FL),6-2,261.0,4.73,34.5,31.0,122.0,7.39,4.5,True,3.0,72.0,,,,,,
2012,Billy Winn,DE,Boise State,6-4,294.0,4.86,27.0,24.0,107.0,7.37,4.44,True,6.0,205.0,,,,,,
2013,Ziggy Ansah,DE,BYU,6-5,271.0,4.56,34.5,21.0,118.0,7.11,4.26,True,1.0,5.0,,,,,,
2013,David Bass,DE,Missouri Western State,6-4,262.0,4.84,30.5,20.0,111.0,7.07,4.33,True,7.0,233.0,,,,,,
2013,Armonty Bryant,DE,East Central (OK),6-4,263.0,4.86,31.5,,118.0,7.32,5.0,True,7.0,217.0,,,,,,
2013,Michael Buchanan,DE,Illinois,6-5,255.0,4.78,33.0,22.0,113.0,6.91,4.44,True,7.0,226.0,,,,,,
2013,Tank Carradine,DE,Florida State,6-4,276.0,4.9,,28.0,,,,True,2.0,40.0,,,,,,
2013,Lavar Edwards,DE,LSU,6-4,277.0,4.8,33.0,,119.0,7.03,4.51,True,5.0,142.0,,,,,,
2013,William Gholston,DE,Michigan State,6-6,281.0,4.96,28.5,23.0,110.0,7.2,4.59,True,4.0,126.0,,,,,,
2013,Malliciah Goodman,DE,Clemson,6-4,276.0,4.87,31.5,26.0,114.0,,,True,4.0,127.0,,,,,,
2013,Margus Hunt,DE,SMU,6-8,277.0,4.62,34.5,38.0,121.0,7.07,4.51,True,2.0,53.0,,,,,,
2013,Brandon Jenkins,DE,Florida State,6-2,251.0,5.07,,18.0,,,,True,5.0,162.0,,,,,,
2013,Datone Jones,DE,UCLA,6-4,283.0,4.8,31.5,29.0,112.0,7.32,4.32,True,1.0,26.0,,,,,,
2013,Joe Kruger,DE,Utah,6-6,269.0,4.83,34.0,24.0,117.0,7.17,4.46,True,7.0,212.0,,,,,,
2013,Corey Lemonier,DE,Auburn,6-3,255.0,4.6,33.0,27.0,119.0,7.14,4.4,True,3.0,88.0,,,,,,
2013,Stansly Maponga,DE,TCU,6-2,256.0,4.78,,30.0,,,,True,5.0,153.0,,,,,,
2013,Sam Montgomery,DE,LSU,6-3,262.0,4.81,34.5,,114.0,7.18,4.51,True,3.0,95.0,,,,,,
2013,Damontre Moore,DE,Texas A&M,6-4,250.0,4.95,35.5,12.0,122.0,,,True,3.0,81.0,,,,,,
2013,Alex Okafor,DE,Texas,6-4,264.0,4.78,,21.0,,,,True,4.0,103.0,,,,,,
2013,Quanterus Smith,DE,Western Kentucky,6-5,250.0,4.74,,,,,,True,5.0,146.0,,,,,,
2013,Damion Square,DE,Alabama,6-2,293.0,5.23,,,,,,False,,,,,,,,
2013,Walter Stewart,DE,Cincinnati,6-4,246.0,4.69,,,,,,False,,,,,,,,
2013,Devin Taylor,DE,South Carolina,6-7,266.0,4.72,35.0,14.0,128.0,6.89,4.3,True,4.0,132.0,,,,,,
2013,Cornelius Washington,DE,Georgia,6-4,265.0,4.55,39.0,36.0,128.0,,,True,6.0,188.0,,,,,,
2013,Bjoern Werner,DE,Florida State,6-3,266.0,4.83,31.0,25.0,111.0,7.3,4.4,True,1.0,24.0,,,,,,
2013,Tourek Williams,DE,Florida International,6-3,260.0,4.92,33.0,25.0,112.0,,,True,6.0,179.0,,,,,,
2014,Will Clarke,DE,West Virginia,6-6,271.0,4.77,32.0,22.0,112.0,7.26,4.57,True,3.0,88.0,,,,,,
2014,Jadeveon Clowney,DE,South Carolina,6-5,266.0,4.53,37.5,21.0,124.0,7.27,4.43,True,1.0,1.0,,,,,,
2014,Scott Crichton,DE,Oregon State,6-3,273.0,4.84,31.5,24.0,108.0,7.19,4.29,True,3.0,72.0,,,,,,
2014,Kony Ealy,DE,Missouri,6-4,273.0,4.92,31.0,22.0,114.0,6.83,4.45,True,2.0,60.0,,,,,,
2014,I.K. Enemkpali,DE,Louisiana Tech,6-1,261.0,4.86,34.0,28.0,112.0,7.67,4.65,True,6.0,210.0,,,,,,
2014,Dee Ford,DE,Auburn,6-2,252.0,,,,,,,True,1.0,23.0,,,,,,
2014,James Gayle,DE,Virginia Tech,6-4,259.0,4.7,37.0,26.0,122.0,7.19,4.27,False,,,,,,,,
2014,Taylor Hart,DE,Oregon,6-6,281.0,4.92,,21.0,,,,True,5.0,141.0,,,,,,
2014,Jackson Jeffcoat,DE,Texas,6-3,247.0,4.63,36.0,18.0,123.0,6.97,4.18,False,,,,,,,,
2014,Demarcus Lawrence,DE,Boise State,6-3,251.0,4.8,34.5,20.0,113.0,7.46,4.31,True,2.0,34.0,,,,,,
2014,Aaron Lynch,DE,South Florida,6-5,249.0,4.76,,18.0,,,,True,5.0,150.0,,,,,,
2014,Cassius Marsh,DE,UCLA,6-4,252.0,4.89,32.0,14.0,108.0,7.08,4.25,True,4.0,108.0,,,,,,
2014,Kareem Martin,DE,North Carolina,6-6,272.0,4.72,35.5,22.0,129.0,7.2,4.33,True,3.0,84.0,,,,,,
2014,Josh Mauro,DE,Stanford,6-6,271.0,5.21,32.0,21.0,116.0,7.43,4.51,False,,,,,,,,
2014,Tevin Mims,DE,South Florida,6-4,260.0,4.95,27.5,17.0,109.0,,,False,,,,,,,,
2014,Zach Moore,DE,Concordia (MN),6-5,269.0,4.84,33.5,23.0,123.0,7.41,4.46,True,6.0,198.0,,,,,,
2014,Trent Murphy,DE,Stanford,6-5,250.0,4.86,35.5,19.0,118.0,6.78,4.2,True,2.0,47.0,,,,,,
2014,Jeoffrey Pagan,DE,Alabama,6-3,310.0,4.92,,,,,,True,6.0,177.0,,,,,,
2014,Michael Sam,DE,Missouri,6-2,261.0,4.91,25.5,17.0,114.0,7.8,4.7,True,7.0,249.0,,,,,,
2014,Marcus Smith,DE,Louisville,6-3,251.0,4.66,35.0,23.0,121.0,7.48,4.47,True,1.0,26.0,,,,,,
2014,Ed Stinson,DE,Alabama,6-3,287.0,4.98,,,,,,True,5.0,160.0,,,,,,
2014,Brent Urban,DE,Virginia,6-7,295.0,4.98,,,,,,True,4.0,134.0,,,,,,
2014,Ethan Westbrooks,DE,West Texas A&M,6-3,267.0,4.9,29.0,19.0,110.0,7.3,4.67,False,,,,,,,,
2014,Kerry Wynn,DE,Richmond,6-5,266.0,4.97,34.0,31.0,113.0,,,False,,,,,,,,
2015,Henry Anderson,DE,Stanford,6-6,294.0,4.97,30.0,,111.0,7.2,4.19,True,3.0,93.0,,,,,,
2015,Arik Armstead,DE,Oregon,6-7,292.0,5.06,34.0,24.0,117.0,7.57,4.53,True,1.0,17.0,,,,,,
2015,Tavaris Barnes,DE,Clemson,6-4,282.0,4.8,,22.0,,,,False,,,,,,,,
2015,Anthony Chickillo,DE,Miami (FL),6-3,267.0,4.79,34.5,27.0,114.0,7.17,4.25,True,6.0,212.0,,,,,,
2015,Frank Clark,DE,Michigan,6-3,271.0,4.79,38.5,19.0,118.0,7.08,4.05,True,2.0,63.0,,,,,,
2015,Corey Crawford,DE,Clemson,6-5,299.0,5.01,33.0,,110.0,7.64,4.65,False,,,,,,,,
2015,Ryan Delaire,DE,Towson,6-4,254.0,4.97,,23.0,,,,False,,,,,,,,
2015,B.J. Dubose,DE,Louisville,6-4,284.0,5.06,,26.0,,,,True,6.0,193.0,,,,,,
2015,Alvin Dupree,DE,Kentucky,6-4,269.0,4.56,42.0,,138.0,,,True,1.0,22.0,,,,,,
2015,Trey Flowers,DE,Arkansas,6-2,266.0,4.93,36.5,28.0,121.0,7.34,4.4,True,4.0,101.0,,,,,,
2015,Randy Gregory,DE,Nebraska,6-5,235.0,4.64,36.5,24.0,125.0,,,True,2.0,60.0,,,,,,
2015,Obum Gwacham,DE,Oregon State,6-5,246.0,4.72,36.0,22.0,121.0,7.28,4.28,True,6.0,209.0,,,,,,
2015,Danielle Hunter,DE,LSU,6-5,252.0,4.57,,25.0,,,,True,3.0,88.0,,,,,,
2015,Martin Ifedi,DE,Memphis,6-3,275.0,4.88,31.0,16.0,111.0,7.39,4.58,True,7.0,227.0,,,,,,
2015,Mario Edwards Jr.,DE,Florida State,6-3,279.0,4.76,32.5,32.0,120.0,7.44,4.55,True,2.0,35.0,,,,,,
2015,Owamagbe Odighizuwa,DE,UCLA,6-3,267.0,4.62,39.0,25.0,127.0,7.36,4.19,True,3.0,74.0,,,,,,
2015,Nate Orchard,DE,Utah,6-3,250.0,4.8,31.5,,115.0,7.28,4.43,True,2.0,51.0,,,,,,
2015,Shane Ray,DE,Missouri,6-3,245.0,4.68,,21.0,,,,True,1.0,23.0,,,,,,
2015,Cedric Reed,DE,Texas,6-5,269.0,4.89,,22.0,,,,False,,,,,,,,
2015,Ryan Russell,DE,Purdue,6-4,269.0,4.75,32.5,25.0,119.0,7.25,4.47,True,5.0,163.0,,,,,,
2015,Preston Smith,DE,Mississippi State,6-5,271.0,4.74,34.0,24.0,121.0,7.07,4.28,True,2.0,38.0,,,,,,
2015,Za'Darius Smith,DE,Kentucky,6-4,274.0,4.83,29.0,23.0,113.0,7.42,4.66,True,4.0,122.0,,,,,,
2015,Lynden Trail,DE,Norfolk State,6-7,269.0,4.91,32.5,24.0,117.0,7.32,4.48,False,,,,,,,,
2015,Zack Wagenmann,DE,Montana,6-3,247.0,4.81,37.5,14.0,109.0,7.07,4.26,False,,,,,,,,
2016,Mehdi Abdesmad,DE,Boston Col.,6-6,284.0,5.1,29.5,25.0,108.0,7.55,4.62,False,,,,,,,,
2016,Sterling Bailey,DE,Georgia,6-4,285.0,5.23,30.0,20.0,111.0,7.46,4.73,False,,,,,,,,
2016,Jimmy Bean,DE,Oklahoma State,6-5,264.0,4.87,,20.0,,,,False,,,,,,,,
2016,Ronald Blair,DE,Appalachian State,6-2,284.0,5.15,30.0,32.0,113.0,7.95,4.53,True,5.0,142.0,,,,,,
2016,Joey Bosa,DE,Ohio State,6-5,269.0,4.86,32.0,24.0,120.0,6.89,4.21,True,1.0,3.0,,,,,,
2016,Deforest Buckner,DE,Oregon,6-7,291.0,5.05,32.0,,116.0,7.51,4.47,True,1.0,7.0,,,,,,
2016,Jonathan Bullard,DE,Florida,6-3,285.0,4.93,32.0,23.0,116.0,7.31,4.56,True,3.0,72.0,,,,,,
2016,Shilique Calhoun,DE,Michigan State,6-4,251.0,4.82,35.0,23.0,115.0,6.97,4.25,True,3.0,75.0,,,,,,
2016,Kamalei Correa,DE,Boise State,6-3,243.0,4.69,33.0,21.0,108.0,,,True,2.0,42.0,,,,,,
2016,James Cowser,DE,Southern Utah,6-3,248.0,4.82,31.5,21.0,111.0,6.8,4.31,False,,,,,,,,
2016,Kevin Dodd,DE,Clemson,6-5,277.0,4.86,,,,,,True,2.0,33.0,,,,,,
2016,Jason Fanaika,DE,Utah,6-2,271.0,4.92,35.5,23.0,113.0,7.06,4.39,False,,,,,,,,
2016,Branden Jackson,DE,Texas Tech,6-4,273.0,5.06,31.5,20.0,113.0,7.4,4.77,False,,,,,,,,
2016,Matt Judon,DE,Grand Valley State,6-3,275.0,4.73,35.0,30.0,109.0,7.67,4.52,True,5.0,146.0,,,,,,
2016,Ufomba Kamalu,DE,Miami (FL),6-5,295.0,5.01,25.0,26.0,106.0,7.32,4.58,False,,,,,,,,
2016,Bronson Kaufusi,DE,BYU,6-6,285.0,4.87,30.0,25.0,111.0,7.03,4.25,True,3.0,70.0,,,,,,
2016,Shaq Lawson,DE,Clemson,6-3,269.0,4.7,33.0,,120.0,7.16,4.21,True,1.0,19.0,,,,,,
2016,Dean Lowry,DE,Northwestern,6-6,296.0,4.87,32.5,30.0,114.0,7.26,4.38,True,4.0,137.0,,,,,,
2016,Alex McCalister,DE,Florida,6-6,239.0,4.8,34.5,,128.0,7.01,4.0,True,7.0,240.0,,,,,,
2016,Carl Nassib,DE,Penn State,6-7,277.0,4.84,28.5,21.0,114.0,7.27,4.37,True,3.0,65.0,,,,,,
2016,Giorgio Newberry,DE,Florida State,6-5,285.0,4.94,30.0,20.0,114.0,7.53,4.78,False,,,,,,,,
2016,Yannick Ngakoue,DE,Maryland,6-2,252.0,4.75,34.5,26.0,118.0,7.35,4.5,True,3.0,69.0,,,,,,
2016,Dadi Nicolas,DE,Virginia Tech,6-3,235.0,4.74,41.0,14.0,116.0,7.04,4.38,True,6.0,203.0,,,,,,
2016,Shawn Oakman,DE,Baylor,6-8,287.0,4.96,32.0,23.0,123.0,7.53,4.56,False,,,,,,,,
2016,Victor Ochi,DE,Stony Brook,6-1,246.0,4.86,32.0,,119.0,7.24,4.4,False,,,,,,,,
2016,Emmanuel Ogbah,DE,Oklahoma State,6-4,273.0,4.63,35.5,20.0,121.0,7.26,4.5,True,2.0,32.0,,,,,,
2016,Romeo Okwara,DE,Notre Dame,6-5,265.0,4.9,33.0,23.0,120.0,7.38,4.53,False,,,,,,,,
2016,Drew Ott,DE,Iowa,6-4,273.0,4.88,,,,,,False,,,,,,,,
2016,D.J. Pettway,DE,Alabama,6-2,265.0,4.99,28.0,17.0,108.0,7.74,4.69,False,,,,,,,,
2016,Noah Spence,DE,East. Kentucky,6-2,251.0,4.8,35.0,25.0,121.0,7.21,4.35,True,2.0,39.0,,,,,,
2016,Charles Tapper,DE,Oklahoma,6-3,271.0,4.59,34.0,23.0,119.0,,,True,4.0,101.0,,,,,,
2016,Ron Thompson,DE,Syracuse,6-3,253.0,4.92,,18.0,,7.46,4.5,False,,,,,,,,
2017,Derek Barnett,DE,Tennessee,6-3,259.0,4.88,31.0,,117.0,6.96,4.44,True,1.0,14.0,13.0,19.0,16.0,13.0,19.0,16.0
2017,Tarell Basham,DE,Ohio,6-4,269.0,4.7,31.5,15.0,119.0,7.27,4.35,True,3.0,80.0,11.5,15.0,10.0,11.5,15.0,10.0
2017,Fadol Brown,DE,Mississippi,6-4,273.0,4.94,34.0,19.0,115.0,7.24,4.44,False,,,2.5,5.5,1.0,2.5,5.5,1.0
2017,Josh Carraway,DE,TCU,6-3,242.0,4.74,29.5,25.0,120.0,7.2,4.44,True,7.0,227.0,8.0,11.0,5.0,8.0,11.0,5.0
2017,Taco Charlton,DE,Michigan,6-6,277.0,4.92,33.0,25.0,116.0,7.17,4.39,True,1.0,28.0,9.5,13.0,8.0,9.5,13.0,8.0
2017,Keionta Davis,DE,Tenn-Chattanooga,6-3,271.0,,,,,,,False,,,,,,,,
2017,Ken Ekanem,DE,Virginia Tech,6-3,257.0,4.88,30.5,,115.0,7.38,4.58,False,,,7.5,10.0,11.0,7.5,10.0,11.0
2017,Myles Garrett,DE,Texas A&M,6-4,272.0,4.64,41.0,33.0,128.0,,,True,1.0,1.0,8.5,15.0,9.0,8.5,15.0,9.0
2017,Daeshon Hall,DE,Texas A&M,6-5,266.0,4.76,36.0,18.0,123.0,7.03,4.38,True,3.0,77.0,3.5,13.0,12.0,3.5,13.0,12.0
2017,Charles Harris,DE,Missouri,6-3,253.0,4.82,32.0,21.0,109.0,7.47,4.42,True,1.0,22.0,9.0,12.0,10.0,9.0,12.0,10.0
2017,Trey Hendrickson,DE,Florida Atlantic,6-4,266.0,4.65,33.5,,122.0,7.03,4.2,True,3.0,103.0,9.5,14.0,7.0,9.5,14.0,7.0
2017,Bryan Cox Jr.,DE,Florida,6-3,265.0,4.89,26.5,16.0,109.0,7.36,4.46,False,,,,,,,,
2017,Deatrich Wise Jr.,DE,Arkansas,6-5,274.0,4.92,33.0,22.0,124.0,,,True,4.0,131.0,,,,,,
2017,Tanoh Kpassagnon,DE,Villanova,6-7,289.0,4.83,30.0,23.0,128.0,7.46,4.62,True,2.0,59.0,,,,,,
2017,Carl Lawson,DE,Auburn,6-2,261.0,4.67,33.0,35.0,114.0,7.46,4.19,True,4.0,116.0,9.0,13.5,24.0,9.0,13.5,24.0
2017,Joe Mathis,DE,Washington,6-2,266.0,,,24.0,,,,False,,,5.0,7.5,0.0,5.0,7.5,0.0
2017,Avery Moss,DE,Youngstown State,6-3,264.0,4.79,32.5,14.0,114.0,7.25,4.43,True,5.0,167.0,0.0,0.0,0.0,0.0,0.0,0.0
2017,Al-Quadin Muhammad,DE,Miami (FL),6-3,253.0,4.88,30.5,22.0,117.0,7.25,4.47,True,6.0,196.0,,,,,,
2017,Noble Nwachukwu,DE,West Virginia,6-1,268.0,4.83,30.5,27.0,110.0,,,False,,,4.0,7.5,3.0,4.0,7.5,3.0
2017,Ifeadi Odenigbo,DE,Northwestern,6-3,258.0,4.72,31.5,25.0,128.0,7.26,4.4,True,7.0,220.0,10.0,12.0,6.0,10.0,12.0,6.0
2017,Larry Ogunjobi,DE,Charlotte,6-3,305.0,4.97,32.0,26.0,116.0,7.55,4.75,True,3.0,65.0,3.0,13.5,10.0,3.0,13.5,10.0
2017,Derek Rivers,DE,Youngstown State,6-4,248.0,4.61,35.0,30.0,123.0,6.94,4.4,True,3.0,83.0,,,,,,
2017,Isaac Rochell,DE,Notre Dame,6-4,280.0,4.89,31.5,25.0,114.0,,,True,7.0,225.0,1.0,7.5,6.0,1.0,7.5,6.0
2017,Garrett Sickels,DE,Penn State,6-3,261.0,4.9,28.0,20.0,105.0,7.21,4.41,False,,,6.0,12.5,2.0,6.0,12.5,2.0
2017,Dawuane Smoot,DE,Illinois,6-3,264.0,4.77,29.5,,117.0,7.18,4.39,True,3.0,68.0,5.0,15.5,10.0,5.0,15.5,10.0
2017,Solomon Thomas,DE,Stanford,6-3,273.0,4.69,35.0,30.0,126.0,6.95,4.28,True,1.0,3.0,8.0,14.0,7.0,8.0,14.0,7.0
2017,DeMarcus Walker,DE,Florida State,6-4,280.0,,,18.0,,,,True,2.0,51.0,16.0,20.5,4.0,16.0,20.5,4.0
2017,Jordan Willis,DE,Kansas State,6-4,255.0,4.53,39.0,24.0,125.0,6.85,4.28,True,3.0,73.0,11.5,17.5,4.0,11.5,17.5,4.0
2018,Kemoko Turay,EDGE,Rutgers,6-5,253.0,4.65,,,,,,True,2.0,52.0,6.0,8.0,8.0,4.0,6.0,7.0
2018,Ola Adeniyi,EDGE,Toledo,6-2,248.0,4.83,31.5,26.0,,7.21,4.28,False,,,,,,,,
2018,Dorance Armstrong,EDGE,Kansas,6-4,257.0,4.87,30.0,20.0,118.0,7.12,4.23,True,4.0,116.0,,,,,,
2018,Ade Aruna,DE,Tulane,6-6,262.0,4.6,38.5,18.0,128.0,7.53,4.48,True,6.0,218.0,8.0,13.0,3.0,3.0,3.0,3.0
2018,Davin Bellamy,EDGE,Georgia,6-5,255.0,,,15.0,,,,False,,,10.0,16.5,5.0,5.0,7.5,4.0
2018,Andrew Brown,DE,Virginia,6-4,296.0,5.03,28.0,31.0,101.0,7.51,4.48,True,5.0,158.0,9.5,23.5,3.0,3.5,10.5,3.0
2018,Lorenzo Carter,EDGE,Georgia,6-6,250.0,4.5,36.0,,130.0,,,True,3.0,66.0,9.5,13.5,5.0,4.5,7.5,4.0
2018,Bradley Chubb,DE,North Carolina State,6-4,269.0,4.65,36.0,24.0,121.0,7.37,4.41,True,1.0,5.0,,,,,,
2018,Marcus Davenport,DE,Texas-San Antonio,6-6,264.0,4.58,33.5,22.0,124.0,7.2,4.41,True,1.0,14.0,,,,,,
2018,Matt Dickerson,DE,UCLA,6-4,292.0,5.06,31.0,26.0,,,,False,,,0.0,2.5,0.0,0.0,1.0,0.0
2018,Garret Dooley,EDGE,Wisconsin,6-3,248.0,4.8,33.0,21.0,121.0,,4.28,False,,,11.0,18.5,7.0,7.5,12.0,4.0
2018,Duke Ejiofor,DE,Wake Forest,6-4,264.0,,,,,,,True,6.0,177.0,17.0,33.5,13.0,6.5,16.5,9.0
2018,Kylie Fitts,EDGE,Utah,6-4,263.0,4.69,32.5,31.0,117.0,6.88,4.19,True,6.0,181.0,4.5,6.0,0.0,3.0,3.0,0.0
2018,John Franklin-Myers,DE,Stephen F. Austin,6-4,283.0,4.75,33.0,26.0,113.0,7.36,4.48,True,4.0,135.0,,,,,,
2018,Rasheem Green,DE,USC,6-5,275.0,4.73,32.5,,118.0,7.24,4.39,True,3.0,79.0,16.0,19.0,6.0,10.0,12.5,5.0
2018,Dashawn Hand,DE,Alabama,6-4,297.0,4.83,31.5,28.0,111.0,7.98,4.62,False,,,,,,,,
2018,Marquis Haynes,EDGE,Mississippi,6-3,235.0,4.67,32.0,23.0,123.0,7.14,4.45,True,4.0,136.0,14.5,22.0,13.0,7.5,11.0,5.0
2018,James Hearns,EDGE,Louisville,6-3,239.0,4.89,,22.0,,,,False,,,15.0,24.5,9.0,7.0,13.5,2.0
2018,Jeff Holland,EDGE,Auburn,6-2,249.0,4.79,,,116.0,,,False,,,11.0,15.0,26.0,9.0,12.0,19.0
2018,Jalyn Holmes,DE,Ohio State,6-5,283.0,4.82,32.0,25.0,,,,True,4.0,102.0,4.0,12.0,5.0,2.0,3.0,2.0
2018,Sam Hubbard,DE,Ohio State,6-5,270.0,,35.0,,116.0,6.84,4.32,True,3.0,77.0,10.5,22.0,7.0,7.0,13.5,3.0
2018,Darius Jackson,EDGE,Jacksonville State,6-3,242.0,4.87,26.5,21.0,113.0,7.52,,False,,,,,,,,
2018,Leon Jacobs,EDGE,Wisconsin,6-3,246.0,4.48,34.5,26.0,122.0,7.14,4.44,True,7.0,230.0,4.5,11.0,8.0,3.5,10.0,8.0
2018,Peter Kalambayi,EDGE,Stanford,6-3,252.0,4.57,34.0,19.0,121.0,7.13,4.36,True,6.0,214.0,14.5,12.5,10.0,11.0,6.5,5.0
2018,Arden Key,EDGE,LSU,6-6,238.0,,31.0,,117.0,7.16,4.25,True,3.0,87.0,16.0,20.0,18.0,4.0,5.5,7.0
2018,Harold Landry,EDGE,Boston Col.,6-3,252.0,4.64,36.0,24.0,119.0,6.88,4.19,True,2.0,41.0,21.5,30.5,8.0,5.0,8.5,2.0
2018,Tyquan Lewis,EDGE,Ohio State,6-3,265.0,,35.5,,122.0,,,True,2.0,64.0,15.0,20.0,8.0,7.0,9.5,3.0
2018,James Looney,DE,California,6-3,287.0,4.89,35.5,28.0,113.0,7.32,4.37,True,7.0,232.0,7.0,17.0,5.0,3.5,9.5,3.0
2018,Hercules Mata'afa,EDGE,Washington State,6-1,254.0,4.76,31.5,26.0,108.0,7.24,4.37,False,,,12.5,29.5,12.0,7.5,17.5,5.0
2018,Uchenna Nwosu,EDGE,USC,6-3,251.0,4.65,32.0,20.0,119.0,,,True,2.0,48.0,12.5,19.0,11.0,9.5,11.5,9.0
2018,Ogbonnia Okoronkwo,EDGE,Oklahoma,6-1,253.0,4.77,38.0,27.0,121.0,,,True,5.0,160.0,17.0,27.0,13.0,8.0,15.0,6.0
2018,Javon Rolland-Jones,EDGE,Arkansas State,6-2,253.0,4.88,,23.0,,,,False,,,,,,,,
2018,Olubunmi Rotimi,DE,Old Dominion,6-4,273.0,,32.0,21.0,113.0,7.46,4.7,False,,,,,,,,
2018,Kentavius Street,DE,North Carolina State,6-2,280.0,4.87,,28.0,,,,True,4.0,128.0,,,,,,
2018,Josh Sweat,EDGE,Florida State,6-4,251.0,4.53,39.5,,124.0,,4.28,True,4.0,130.0,12.5,24.0,12.0,5.5,12.5,6.0
2018,Chad Thomas,DE,Miami (FL),6-6,281.0,4.92,29.0,,116.0,,,True,3.0,67.0,8.5,23.0,4.0,5.5,12.0,3.0
2018,Jojo Wicker,DE,Arizona State,6-3,296.0,5.16,30.0,25.0,105.0,,,False,,,,,,,,
2018,Anthony Winbush,EDGE,Ball State,6-1,249.0,,,25.0,110.0,,,False,,,20.0,27.0,11.0,11.5,16.5,6.0
2018,Trevon Young,EDGE,Louisville,6-4,258.0,4.78,33.0,25.0,114.0,6.99,4.4,True,6.0,205.0,4.5,12.0,9.0,4.5,12.0,9.0
2019,Josh Allen,EDGE,Kentucky,6-5,262.0,4.63,,28.0,118.0,7.15,4.23,True,1.0,7.0,31.0,39.5,13.0,17.0,20.5,7.0
2019,Ben Banogu,EDGE,TCU,6-3,250.0,4.62,40.0,23.0,134.0,7.02,4.27,True,2.0,49.0,17.0,33.5,15.0,8.5,17.0,8.0
2019,Jordan Brailford,EDGE,Oklahoma State,6-3,252.0,4.65,37.5,22.0,126.0,,,True,7.0,253.0,14.0,28.0,9.0,9.0,17.0,7.0
2019,Austin Bryant,EDGE,Clemson,6-4,271.0,,,,,,,True,4.0,117.0,19.0,33.0,13.0,8.5,14.5,5.0
2019,Brian Burns,EDGE,Florida State,6-5,249.0,4.53,36.0,,129.0,7.01,,True,1.0,16.0,23.0,38.5,14.0,10.0,15.5,8.0
2019,Malik Carney,EDGE,North Carolina,6-2,251.0,4.73,33.0,25.0,113.0,7.4,,False,,,17.5,33.0,12.0,6.5,12.5,4.0
2019,Jamal Davis,EDGE,Akron,6-3,243.0,4.6,39.0,19.0,122.0,7.0,4.44,False,,,,,,,,
2019,Clelin Ferrell,EDGE,Clemson,6-4,264.0,,,25.0,,7.26,4.4,True,1.0,4.0,27.0,49.0,25.0,11.5,18.5,9.0
2019,Carl Granderson,EDGE,Wyoming,6-5,254.0,4.79,35.0,,119.0,7.44,4.41,False,,,16.5,29.5,9.0,3.0,7.5,3.0
2019,Gerri Green,EDGE,Mississippi State,6-4,252.0,4.63,35.0,24.0,114.0,7.27,4.42,True,6.0,199.0,,,,,,
2019,Porter Gustin,EDGE,USC,6-4,255.0,4.69,35.5,31.0,119.0,,,False,,,15.5,26.0,4.0,7.0,10.0,3.0
2019,Justin Hollins,EDGE,Oregon,6-5,248.0,4.5,36.5,25.0,119.0,7.06,4.4,True,5.0,156.0,13.0,32.0,11.0,6.5,12.5,5.0
2019,Cece Jefferson,EDGE,Florida,6-1,266.0,5.02,30.5,17.0,108.0,7.5,4.53,False,,,7.0,26.0,15.0,1.0,6.0,4.0
2019,Jalen Jelks,EDGE,Oregon,6-5,256.0,4.92,32.5,19.0,113.0,7.22,4.59,True,7.0,241.0,12.5,26.0,9.0,3.5,6.5,5.0
2019,Darryl Johnson,EDGE,North Carolina A&T,6-6,253.0,,,20.0,,,,True,7.0,225.0,2.5,3.5,1.0,1.0,1.0,1.0
2019,Christian Miller,EDGE,Alabama,6-3,247.0,,38.5,,118.0,,,True,4.0,115.0,11.0,15.5,16.0,8.0,11.0,12.0
2019,Shareef Miller,EDGE,Penn State,6-4,254.0,4.69,29.5,16.0,,,4.45,True,4.0,138.0,15.0,32.5,13.0,8.0,16.0,5.0
2019,Jachai Polite,EDGE,Florida,6-3,258.0,4.84,32.0,,,,,True,3.0,68.0,14.0,27.0,10.0,11.0,19.0,3.0
2019,Wyatt Ray,EDGE,Boston Col.,6-3,257.0,4.83,34.0,25.0,118.0,7.34,4.31,False,,,16.5,22.5,7.0,9.0,11.5,5.0
2019,Sutton Smith,EDGE,Northern Illinois,6-0,233.0,4.69,31.5,25.0,118.0,6.75,4.32,True,6.0,175.0,27.0,52.0,17.0,12.0,20.0,6.0
2019,Montez Sweat,EDGE,Mississippi State,6-6,260.0,4.41,36.0,21.0,125.0,7.0,4.29,True,1.0,26.0,19.0,26.5,9.0,8.5,11.0,5.0
2019,D'Andre Walker,EDGE,Georgia,6-2,251.0,,,,,,,True,5.0,168.0,12.0,26.0,7.0,7.5,11.0,5.0
2019,Chase Winovich,EDGE,Michigan,6-3,256.0,4.59,30.5,18.0,116.0,6.94,4.11,True,3.0,77.0,18.0,44.0,17.0,4.5,15.5,7.0
2019,Oshane Ximines,EDGE,Old Dominion,6-3,253.0,4.78,34.0,24.0,118.0,7.13,4.57,True,3.0,95.0,28.0,44.0,25.0,12.0,18.5,14.0
