Year,Player,Pos,School,Height,Weight,40yd,Vertical,Bench,Broad Jump,3Cone,Shuttle,Drafted,Round,Pick,Sacks_cumulative,Sacks_final_season,TFL_cumulative,TFL_final_season,QB_Hurry_cumulative,QB_Hurry_final_season,PD_cumulative,PD_final_season,SOLO_cumulative,SOLO_final_season,TOT_cumulative,TOT_final_season
2010,Pat Angerer,ILB,Iowa,6-0,235.0,4.71,35.0,26.0,110.0,7.04,4.29,True,2.0,63.0,,,,,,,,,,,,
2010,Jason Beauchamp,ILB,UNLV,6-3,244.0,4.89,39.5,21.0,120.0,7.1,,False,,,,,,,,,,,,,,
2010,Kyle Bosworth,OLB,UCLA,6-1,236.0,4.69,32.5,25.0,117.0,6.67,4.11,False,,,,,,,,,,,,,,
2010,Navorro Bowman,OLB,Penn State,6-0,242.0,4.7,29.5,26.0,115.0,6.91,4.59,True,3.0,91.0,,,,,,,,,,,,
2010,Donald Butler,ILB,Washington,6-1,245.0,4.61,,35.0,,,,True,3.0,79.0,,,,,,,,,,,,
2010,Lee Campbell,ILB,Minnesota,6-2,247.0,4.88,34.0,17.0,108.0,7.27,4.4,False,,,,,,,,,,,,,,
2010,Jamar Chaney,ILB,Mississippi State,6-1,242.0,4.54,39.0,26.0,124.0,6.9,4.29,True,7.0,220.0,,,,,,,,,,,,
2010,Keenan Clayton,OLB,Oklahoma,6-1,229.0,4.59,41.5,27.0,124.0,,,True,4.0,121.0,,,,,,,,,,,,
2010,Justin Cole,OLB,San Jose State,6-3,242.0,4.76,34.5,22.0,117.0,7.13,4.42,False,,,,,,,,,,,,,,
2010,Antonio Coleman,OLB,Auburn,6-1,255.0,4.76,,18.0,113.0,,,False,,,,,,,,,,,,,,
2010,Kavell Conner,OLB,Clemson,6-0,242.0,4.59,33.5,24.0,110.0,7.36,4.6,True,7.0,240.0,,,,,,,,,,,,
2010,Rennie Curran,OLB,Georgia,5-11,235.0,4.75,34.5,25.0,,,,True,3.0,97.0,,,,,,,,,,,,
2010,Dexter Davis,OLB,Arizona State,6-1,244.0,4.62,35.0,25.0,109.0,7.08,4.3,True,7.0,236.0,,,,,,,,,,,,
2010,Phillip Dillard,ILB,Nebraska,6-0,245.0,4.65,31.5,,106.0,7.16,4.43,True,4.0,115.0,,,,,,,,,,,,
2010,A.J. Edds,OLB,Iowa,6-4,246.0,4.62,33.0,16.0,117.0,7.19,4.28,True,4.0,119.0,,,,,,,,,,,,
2010,Junior Galette,OLB,Temple,6-2,257.0,4.77,33.5,25.0,113.0,7.04,4.16,False,,,,,,,,,,,,,,
2010,Thaddeus Gibson,OLB,Ohio State,6-2,243.0,4.78,32.0,32.0,115.0,6.84,4.27,True,4.0,116.0,,,,,,,,,,,,
2010,Travis Goethel,ILB,Arizona State,6-2,240.0,4.81,35.0,21.0,111.0,6.93,4.54,True,6.0,190.0,,,,,,,,,,,,
2010,Brandon Graham,OLB,Michigan,6-1,268.0,4.71,,31.0,,,,True,1.0,13.0,,,,,,,,,,,,
2010,Jerry Hughes,OLB,TCU,6-2,255.0,4.65,34.5,26.0,118.0,6.99,4.15,True,1.0,31.0,,,,,,,,,,,,
2010,Josh Hull,ILB,Penn State,6-3,237.0,4.93,32.5,25.0,115.0,6.86,4.07,True,7.0,254.0,,,,,,,,,,,,
2010,Carl Ihenacho,OLB,San Jose State,6-2,255.0,4.86,,20.0,,,,False,,,,,,,,,,,,,,
2010,Micah Johnson,ILB,Kentucky,6-1,258.0,4.99,29.0,31.0,,,,False,,,,,,,,,,,,,,
2010,Sergio Kindle,OLB,Texas,6-3,250.0,4.65,36.5,25.0,118.0,7.26,4.53,True,2.0,43.0,,,,,,,,,,,,
2010,Keaton Kristick,OLB,Oregon State,6-3,234.0,4.7,34.0,16.0,120.0,6.96,4.21,False,,,,,,,,,,,,,,
2010,Simoni Lawrence,OLB,Minnesota,6-0,232.0,4.59,40.0,21.0,123.0,7.3,4.43,False,,,,,,,,,,,,,,
2010,Boris Lee,ILB,Troy,6-0,238.0,4.94,32.5,27.0,112.0,,,False,,,,,,,,,,,,,,
2010,Sean Lee,ILB,Penn State,6-2,236.0,4.71,37.5,24.0,120.0,,,True,2.0,55.0,,,,,,,,,,,,
2010,Sam Maxwell,OLB,Kentucky,6-2,246.0,4.98,33.0,,108.0,7.37,4.52,False,,,,,,,,,,,,,,
2010,Rolando McClain,ILB,Alabama,6-3,254.0,4.68,,24.0,,,,True,1.0,8.0,,,,,,,,,,,,
2010,Albert McClellan,ILB,Marshall,6-1,247.0,4.75,36.5,26.0,119.0,7.24,4.21,False,,,,,,,,,,,,,,
2010,Mike McLaughlin,ILB,Boston Col.,6-0,242.0,4.84,38.5,29.0,114.0,6.85,4.11,False,,,,,,,,,,,,,,
2010,Koa Misi,OLB,Utah,6-3,251.0,4.75,38.0,,127.0,7.07,4.27,True,2.0,40.0,,,,,,,,,,,,
2010,Arthur Moats,OLB,James Madison,6-0,246.0,4.64,36.5,24.0,122.0,7.22,4.37,True,6.0,178.0,,,,,,,,,,,,
2010,Roddrick Muckelroy,OLB,Texas,6-2,246.0,4.68,31.0,19.0,110.0,7.25,4.39,True,4.0,131.0,,,,,,,,,,,,
2010,Eric Norwood,OLB,South Carolina,6-1,245.0,4.71,36.5,,115.0,7.08,4.23,True,4.0,124.0,,,,,,,,,,,,
2010,Perry Riley,OLB,LSU,6-1,239.0,4.69,35.5,,119.0,6.97,4.25,True,4.0,103.0,,,,,,,,,,,,
2010,Ricky Sapp,OLB,Clemson,6-4,252.0,4.65,34.0,23.0,114.0,7.29,4.41,True,5.0,134.0,,,,,,,,,,,,
2010,O'Brien Schofield,OLB,Wisconsin,6-2,221.0,4.63,,,,,,True,4.0,130.0,,,,,,,,,,,,
2010,Darryl Sharpton,ILB,Miami (FL),5-11,236.0,4.81,,24.0,,7.19,4.42,True,4.0,102.0,,,,,,,,,,,,
2010,Cameron Sheffield,OLB,Troy,6-2,257.0,4.92,33.0,,115.0,7.23,4.53,True,5.0,142.0,,,,,,,,,,,,
2010,Brandon Spikes,ILB,Florida,6-3,249.0,5.05,29.0,,111.0,6.97,,True,2.0,62.0,,,,,,,,,,,,
2010,Stevenson Sylvester,OLB,Utah,6-2,231.0,4.71,,23.0,,,,True,5.0,166.0,,,,,,,,,,,,
2010,Adrian Tracy,OLB,William & Mary,6-3,248.0,4.76,35.5,20.0,110.0,7.08,4.34,True,6.0,184.0,,,,,,,,,,,,
2010,Nate Triplett,OLB,Minnesota,6-3,250.0,4.7,33.0,20.0,115.0,7.02,4.37,True,5.0,167.0,,,,,,,,,,,,
2010,Daryl Washington,OLB,TCU,6-2,230.0,4.58,31.0,17.0,114.0,,,True,2.0,47.0,,,,,,,,,,,,
2010,Dekoda Watson,OLB,Florida State,6-1,240.0,4.55,40.0,24.0,134.0,7.06,4.11,True,7.0,217.0,,,,,,,,,,,,
2010,Sean Weatherspoon,OLB,Missouri,6-1,239.0,4.62,40.0,34.0,123.0,6.99,4.38,True,1.0,19.0,,,,,,,,,,,,
2010,Kion Wilson,ILB,South Florida,6-0,239.0,4.87,36.5,27.0,123.0,,4.53,False,,,,,,,,,,,,,,
2010,Jason Worilds,OLB,Virginia Tech,6-1,254.0,4.65,38.0,24.0,114.0,6.95,4.29,True,2.0,52.0,,,,,,,,,,,,
2011,Sam Acho,OLB,Texas,6-2,262.0,4.67,33.5,23.0,112.0,6.69,4.32,True,4.0,103.0,,,,,,,,,,,,
2011,Akeem Ayers,OLB,UCLA,6-2,254.0,4.81,31.0,18.0,116.0,7.49,4.28,True,2.0,39.0,,,,,,,,,,,,
2011,Nick Bellore,ILB,Central Michigan,6-1,245.0,4.84,32.5,23.0,109.0,6.98,4.0,False,,,,,,,,,,,,,,
2011,Bruce Carter,OLB,North Carolina,6-1,241.0,4.57,,25.0,,,,True,2.0,40.0,,,,,,,,,,,,
2011,Chris Carter,OLB,Fresno State,6-1,248.0,4.58,36.0,27.0,114.0,6.88,4.34,True,5.0,162.0,,,,,,,,,,,,
2011,Wayne Daniels,OLB,TCU,6-0,260.0,5.03,25.0,,106.0,7.81,4.68,False,,,,,,,,,,,,,,
2011,Akeem Dent,ILB,Georgia,6-1,242.0,4.73,37.5,24.0,123.0,,,True,3.0,91.0,,,,,,,,,,,,
2011,Mason Foster,OLB,Washington,6-1,245.0,4.75,31.0,22.0,110.0,7.14,4.45,True,3.0,84.0,,,,,,,,,,,,
2011,Mark Herzlich,OLB,Boston Col.,6-4,244.0,4.91,32.5,29.0,112.0,7.32,4.46,False,,,,,,,,,,,,,,
2011,Doug Hogue,OLB,Syracuse,6-2,235.0,4.62,36.0,18.0,121.0,7.09,4.57,True,5.0,157.0,,,,,,,,,,,,
2011,Ross Homan,OLB,Ohio State,6-1,240.0,4.66,35.5,32.0,111.0,7.21,4.34,True,6.0,200.0,,,,,,,,,,,,
2011,Justin Houston,OLB,Georgia,6-3,270.0,4.62,36.5,30.0,125.0,6.95,4.37,True,3.0,70.0,,,,,,,,,,,,
2011,Jeremiha Hunter,OLB,Iowa,6-0,239.0,4.77,31.5,20.0,116.0,,,False,,,,,,,,,,,,,,
2011,Nate Irving,ILB,North Carolina State,6-1,240.0,4.74,,,,,,True,3.0,67.0,,,,,,,,,,,,
2011,Greg Jones,ILB,Michigan State,6-0,242.0,4.75,31.5,21.0,117.0,7.27,4.27,True,6.0,185.0,,,,,,,,,,,,
2011,Elijah Joseph,ILB,Temple,6-1,243.0,4.8,,,,,,False,,,,,,,,,,,,,,
2011,Orie Lemon,ILB,Oklahoma State,6-1,242.0,4.87,30.0,27.0,113.0,7.45,4.4,False,,,,,,,,,,,,,,
2011,Greg Lloyd,ILB,Connecticut,6-1,246.0,4.8,32.0,22.0,109.0,7.17,4.46,True,7.0,237.0,,,,,,,,,,,,
2011,Scott Lutrus,OLB,Connecticut,6-2,241.0,4.68,38.0,,121.0,6.89,4.09,False,,,,,,,,,,,,,,
2011,Casey Matthews,ILB,Oregon,6-1,231.0,4.78,,13.0,,,,True,4.0,116.0,,,,,,,,,,,,
2011,Colin McCarthy,ILB,Miami (FL),6-1,238.0,4.59,36.5,23.0,119.0,6.93,4.2,True,4.0,109.0,,,,,,,,,,,,
2011,Bruce Miller,OLB,Central Florida,6-1,254.0,4.81,31.0,35.0,113.0,7.05,4.34,True,7.0,211.0,,,,,,,,,,,,
2011,Von Miller,OLB,Texas A&M,6-3,246.0,4.42,37.0,21.0,126.0,6.7,4.06,True,1.0,2.0,,,,,,,,,,,,
2011,Dontay Moch,OLB,Nevada,6-1,248.0,4.4,42.0,21.0,128.0,7.09,4.38,True,3.0,66.0,,,,,,,,,,,,
2011,Mike Mohamed,ILB,California,6-3,239.0,4.65,32.0,21.0,115.0,6.7,4.0,True,6.0,189.0,,,,,,,,,,,,
2011,Adrian Moten,OLB,Maryland,6-2,228.0,4.53,31.0,18.0,114.0,7.05,4.21,False,,,,,,,,,,,,,,
2011,Jonas Mouton,OLB,Michigan,6-1,239.0,4.84,31.5,,115.0,7.08,4.34,True,2.0,61.0,,,,,,,,,,,,
2011,Brooks Reed,OLB,Arizona,6-2,263.0,4.65,30.5,30.0,113.0,7.11,4.28,True,2.0,42.0,,,,,,,,,,,,
2011,Brian Rolle,OLB,Ohio State,5-10,229.0,4.53,33.0,28.0,115.0,6.89,4.26,True,6.0,193.0,,,,,,,,,,,,
2011,Kelvin Sheppard,ILB,LSU,6-2,250.0,4.7,33.5,22.0,110.0,,4.28,True,3.0,68.0,,,,,,,,,,,,
2011,D.J. Smith,OLB,Appalachian State,5-11,239.0,4.71,31.0,20.0,104.0,7.35,4.45,True,6.0,186.0,,,,,,,,,,,,
2011,Derrell Smith,ILB,Syracuse,6-0,243.0,4.76,,,,,,False,,,,,,,,,,,,,,
2011,Quan Sturdivant,ILB,North Carolina,6-1,241.0,4.75,34.0,21.0,115.0,,4.5,True,6.0,171.0,,,,,,,,,,,,
2011,J.T. Thomas,OLB,West Virginia,6-1,241.0,4.65,30.5,23.0,114.0,7.23,4.28,True,6.0,195.0,,,,,,,,,,,,
2011,Chris White,ILB,Mississippi State,6-3,240.0,4.65,34.0,17.0,115.0,6.95,4.25,True,6.0,169.0,,,,,,,,,,,,
2011,Lawrence Wilson,OLB,Connecticut,6-1,229.0,4.71,32.5,24.0,113.0,7.31,4.5,True,6.0,166.0,,,,,,,,,,,,
2011,Martez Wilson,ILB,Illinois,6-4,250.0,4.42,36.0,23.0,124.0,7.04,4.28,True,3.0,72.0,,,,,,,,,,,,
2011,K.J. Wright,OLB,Mississippi State,6-3,246.0,4.71,32.0,20.0,120.0,7.26,4.46,True,4.0,99.0,,,,,,,,,,,,
2012,Emmanuel Acho,OLB,Texas,6-2,238.0,4.64,35.5,24.0,118.0,,,True,6.0,204.0,,,,,,,,,,,,
2012,Ryan Baker,OLB,LSU,5-11,232.0,4.8,34.0,30.0,113.0,7.21,4.35,False,,,,,,,,,,,,,,
2012,Nigel Bradham,OLB,Florida State,6-2,241.0,4.56,37.0,24.0,121.0,7.18,4.37,True,4.0,105.0,,,,,,,,,,,,
2012,Zach Brown,OLB,North Carolina,6-1,244.0,4.44,33.5,,116.0,,,True,2.0,52.0,,,,,,,,,,,,
2012,Vontaze Burfict,ILB,Arizona State,6-1,248.0,5.0,30.0,,104.0,,,False,,,,,,,,,,,,,,
2012,Miles Burris,OLB,San Diego State,6-2,246.0,4.67,37.5,31.0,121.0,,,True,4.0,129.0,,,,,,,,,,,,
2012,Tank Carder,ILB,TCU,6-2,236.0,4.58,34.5,19.0,121.0,6.89,4.18,True,5.0,147.0,,,,,,,,,,,,
2012,Audie Cole,ILB,North Carolina State,6-4,246.0,4.76,35.0,15.0,114.0,6.96,4.29,True,7.0,210.0,,,,,,,,,,,,
2012,Lavonte David,OLB,Nebraska,6-1,233.0,4.57,36.5,19.0,119.0,7.28,4.22,True,2.0,58.0,,,,,,,,,,,,
2012,Demario Davis,OLB,Arkansas State,6-2,235.0,4.49,38.5,32.0,124.0,7.19,4.28,True,3.0,77.0,,,,,,,,,,,,
2012,Darius Fleming,OLB,Notre Dame,6-2,245.0,4.71,33.5,27.0,114.0,7.03,4.28,True,5.0,165.0,,,,,,,,,,,,
2012,Chris Galippo,ILB,USC,6-1,241.0,4.73,29.5,19.0,107.0,6.9,4.1,False,,,,,,,,,,,,,,
2012,Najee Goode,ILB,West Virginia,6-0,244.0,4.55,35.5,,117.0,,,True,5.0,140.0,,,,,,,,,,,,
2012,Dont'a Hightower,ILB,Alabama,6-2,265.0,4.62,32.0,,,,,True,1.0,25.0,,,,,,,,,,,,
2012,Melvin Ingram,OLB,South Carolina,6-1,264.0,4.69,34.5,28.0,109.0,6.83,4.18,True,1.0,18.0,,,,,,,,,,,,
2012,Bruce Irvin,OLB,West Virginia,6-3,245.0,4.41,33.5,23.0,123.0,6.7,4.03,True,1.0,15.0,,,,,,,,,,,,
2012,James-Michael Johnson,ILB,Nevada,6-1,241.0,4.6,37.0,23.0,124.0,7.34,4.37,True,4.0,120.0,,,,,,,,,,,,
2012,Steven Johnson,OLB,Kansas,6-0,239.0,4.71,36.0,16.0,113.0,7.32,4.38,False,,,,,,,,,,,,,,
2012,Josh Kaddu,OLB,Oregon,6-3,239.0,4.67,34.0,20.0,119.0,,,True,5.0,155.0,,,,,,,,,,,,
2012,Mychal Kendricks,ILB,California,5-11,239.0,4.44,39.5,24.0,127.0,,4.19,True,2.0,46.0,,,,,,,,,,,,
2012,Luke Kuechly,ILB,Boston Col.,6-3,242.0,4.58,38.0,27.0,123.0,6.92,4.12,True,1.0,9.0,,,,,,,,,,,,
2012,Ronnell Lewis,OLB,Oklahoma,6-2,253.0,4.65,31.0,36.0,112.0,7.09,4.4,True,4.0,125.0,,,,,,,,,,,,
2012,Travis Lewis,OLB,Oklahoma,6-1,246.0,4.83,36.0,22.0,122.0,,,True,7.0,223.0,,,,,,,,,,,,
2012,Brandon Lindsey,OLB,Pittsburgh,6-2,254.0,4.85,33.0,23.0,117.0,7.36,4.28,False,,,,,,,,,,,,,,
2012,Shawn Loiseau,ILB,Merrimack,6-0,244.0,4.74,32.5,19.0,109.0,,,False,,,,,,,,,,,,,,
2012,Terrell Manning,OLB,North Carolina State,6-2,237.0,4.71,32.5,22.0,114.0,7.18,4.43,True,5.0,163.0,,,,,,,,,,,,
2012,Brandon Marshall,OLB,Nevada,6-1,242.0,4.72,30.5,28.0,108.0,7.05,4.09,True,5.0,142.0,,,,,,,,,,,,
2012,Jonathan Massaquoi,OLB,Troy,6-2,264.0,4.81,33.5,20.0,120.0,7.38,4.53,True,5.0,164.0,,,,,,,,,,,,
2012,Shea McClellin,OLB,Boise State,6-3,260.0,4.62,31.5,19.0,118.0,7.07,4.33,True,1.0,19.0,,,,,,,,,,,,
2012,Caleb McSurdy,ILB,Montana,6-1,245.0,4.82,30.0,26.0,110.0,7.26,4.28,True,7.0,222.0,,,,,,,,,,,,
2012,Tyler Nielsen,OLB,Iowa,6-3,238.0,4.63,,21.0,,7.27,4.31,False,,,,,,,,,,,,,,
2012,Keenan Robinson,ILB,Texas,6-3,242.0,4.72,35.5,27.0,120.0,,,True,4.0,119.0,,,,,,,,,,,,
2012,Sean Spence,OLB,Miami (FL),5-11,231.0,4.66,33.5,12.0,119.0,7.46,4.28,True,3.0,86.0,,,,,,,,,,,,
2012,Nathan Stupar,OLB,Penn State,6-2,241.0,4.65,31.0,21.0,116.0,6.84,4.28,True,7.0,230.0,,,,,,,,,,,,
2012,Danny Trevathan,OLB,Kentucky,6-0,237.0,4.84,31.5,18.0,111.0,,,True,6.0,188.0,,,,,,,,,,,,
2012,Tahir Whitehead,OLB,Temple,6-1,233.0,4.62,37.0,21.0,124.0,7.14,4.37,True,5.0,138.0,,,,,,,,,,,,
2012,Kyle Wilber,OLB,Wake Forest,6-4,249.0,4.73,33.5,25.0,117.0,7.11,4.31,True,4.0,113.0,,,,,,,,,,,,
2013,Kiko Alonso,ILB,Oregon,6-3,238.0,4.74,,,,,,True,2.0,46.0,,,,,,,,,,,,
2013,Sam Barrington,ILB,South Florida,6-1,246.0,4.91,32.5,22.0,117.0,,,True,7.0,232.0,,,,,,,,,,,,
2013,Steve Beauharnais,ILB,Rutgers,6-1,240.0,4.84,33.0,19.0,118.0,6.99,4.2,True,7.0,235.0,,,,,,,,,,,,
2013,Jon Bostic,OLB,Florida,6-1,245.0,4.59,32.5,22.0,118.0,6.99,4.24,True,2.0,50.0,,,,,,,,,,,,
2013,Arthur Brown,OLB,Kansas State,6-0,241.0,4.62,,,116.0,,,True,2.0,56.0,,,,,,,,,,,,
2013,Jamie Collins,OLB,Southern Miss,6-3,250.0,4.64,41.5,19.0,139.0,7.1,4.32,True,2.0,52.0,,,,,,,,,,,,
2013,Zaviar Gooden,OLB,Missouri,6-1,234.0,4.47,34.0,27.0,131.0,6.71,4.18,True,3.0,97.0,,,,,,,,,,,,
2013,Khaseem Greene,OLB,Rutgers,6-1,241.0,4.71,30.0,17.0,116.0,7.58,4.2,True,4.0,117.0,,,,,,,,,,,,
2013,Brandon Hepburn,ILB,Florida A&M,6-2,240.0,4.68,32.0,21.0,124.0,7.4,4.55,True,7.0,245.0,,,,,,,,,,,,
2013,Gerald Hodges,OLB,Penn State,6-1,243.0,4.78,,22.0,119.0,,,True,4.0,120.0,,,,,,,,,,,,
2013,DeVonte Holloman,OLB,South Carolina,6-1,243.0,4.76,33.0,15.0,113.0,7.3,4.26,True,6.0,185.0,,,,,,,,,,,,
2013,Jelani Jenkins,ILB,Florida,6-0,243.0,4.65,,27.0,,,,True,4.0,104.0,,,,,,,,,,,,
2013,Nico Johnson,ILB,Alabama,6-2,248.0,4.73,,,,,,True,4.0,99.0,,,,,,,,,,,,
2013,Jarvis Jones,OLB,Georgia,6-2,245.0,4.74,,,,,,True,1.0,17.0,,,,,,,,,,,,
2013,Dion Jordan,OLB,Oregon,6-6,248.0,4.54,32.5,,122.0,7.02,4.35,True,1.0,3.0,,,,,,,,,,,,
2013,A.J. Klein,ILB,Iowa State,6-1,250.0,4.66,,20.0,113.0,,,True,5.0,148.0,,,,,,,,,,,,
2013,Jake Knott,OLB,Iowa State,6-2,243.0,4.84,,,,,,False,,,,,,,,,,,,,,
2013,John Lotulelei,OLB,UNLV,5-11,233.0,4.84,35.5,25.0,117.0,6.91,4.3,False,,,,,,,,,,,,,,
2013,Brandon Magee,OLB,Arizona State,5-11,223.0,4.74,,,114.0,,,False,,,,,,,,,,,,,,
2013,Michael Mauti,OLB,Penn State,6-2,243.0,4.83,,28.0,,,,True,7.0,213.0,,,,,,,,,,,,
2013,Lerentee McCray,OLB,Florida,6-2,250.0,4.74,,,,,,False,,,,,,,,,,,,,,
2013,Barkevious Mingo,OLB,LSU,6-4,241.0,4.58,37.0,,128.0,6.84,4.39,True,1.0,6.0,,,,,,,,,,,,
2013,Kevin Minter,ILB,LSU,6-0,246.0,4.81,33.0,25.0,119.0,,,True,2.0,45.0,,,,,,,,,,,,
2013,Nick Moody,OLB,Florida State,6-1,236.0,4.71,,17.0,118.0,,,True,6.0,180.0,,,,,,,,,,,,
2013,Sio Moore,OLB,Connecticut,6-1,245.0,4.65,38.0,29.0,127.0,7.49,4.31,True,3.0,66.0,,,,,,,,,,,,
2013,Alec Ogletree,OLB,Georgia,6-2,242.0,4.7,33.5,20.0,122.0,7.16,4.39,True,1.0,30.0,,,,,,,,,,,,
2013,Sean Porter,OLB,Texas A&M,6-1,229.0,4.75,35.0,22.0,119.0,,,True,4.0,118.0,,,,,,,,,,,,
2013,Keith Pough,ILB,Howard,6-2,239.0,4.87,33.0,17.0,118.0,7.28,4.47,False,,,,,,,,,,,,,,
2013,Ty Powell,OLB,Harding,6-2,249.0,4.64,37.0,28.0,122.0,6.98,4.4,True,7.0,231.0,,,,,,,,,,,,
2013,Kevin Reddick,ILB,North Carolina,6-1,243.0,4.72,,23.0,113.0,,,False,,,,,,,,,,,,,,
2013,Etienne Sabino,OLB,Ohio State,6-2,247.0,4.75,,24.0,114.0,,,False,,,,,,,,,,,,,,
2013,John Simon,OLB,Ohio State,6-1,257.0,4.62,,,,,,True,4.0,129.0,,,,,,,,,,,,
2013,Jonathan Stewart,ILB,Texas A&M,6-4,242.0,4.68,31.0,19.0,118.0,7.44,4.53,False,,,,,,,,,,,,,,
2013,Bruce Taylor,ILB,Virginia Tech,6-1,237.0,5.01,30.5,19.0,115.0,7.21,4.39,False,,,,,,,,,,,,,,
2013,Mike Taylor,OLB,Wisconsin,6-1,234.0,4.75,,,,,,False,,,,,,,,,,,,,,
2013,Manti Te'o,ILB,Notre Dame,6-1,241.0,4.82,33.0,,113.0,7.13,4.27,True,2.0,38.0,,,,,,,,,,,,
2013,Chase Thomas,OLB,Stanford,6-3,244.0,4.91,32.0,18.0,113.0,7.17,4.31,False,,,,,,,,,,,,,,
2013,Nathan Williams,OLB,Ohio State,6-3,241.0,4.88,35.0,24.0,113.0,6.99,4.44,False,,,,,,,,,,,,,,
2013,Trevardo Williams,OLB,Connecticut,6-1,241.0,4.57,38.0,30.0,124.0,,,True,4.0,124.0,,,,,,,,,,,,
2013,Tom Wort,ILB,Oklahoma,6-0,235.0,4.78,31.5,21.0,111.0,7.41,4.51,False,,,,,,,,,,,,,,
2014,Jeremiah Attaochu,OLB,Georgia Tech,6-3,252.0,,,,,,,True,2.0,50.0,,,,,,,,,,,,
2014,Anthony Barr,OLB,UCLA,6-5,255.0,4.66,34.5,15.0,119.0,6.82,4.19,True,1.0,9.0,,,,,,,,,,,,
2014,Lamin Barrow,ILB,LSU,6-1,237.0,4.64,35.0,22.0,123.0,7.24,4.35,True,5.0,156.0,,,,,,,,,,,,
2014,Chris Borland,ILB,Wisconsin,5-11,248.0,4.83,31.0,27.0,114.0,7.18,4.27,True,3.0,77.0,,,,,,,,,,,,
2014,Carl Bradford,OLB,Arizona State,6-1,250.0,4.76,37.5,23.0,122.0,7.25,4.3,True,4.0,121.0,,,,,,,,,,,,
2014,Jonathan Brown,OLB,Illinois,6-0,238.0,5.03,31.0,16.0,108.0,7.77,4.56,False,,,,,,,,,,,,,,
2014,Preston Brown,ILB,Louisville,6-1,251.0,4.86,33.0,23.0,116.0,6.98,4.26,True,3.0,73.0,,,,,,,,,,,,
2014,Max Bullough,ILB,Michigan State,6-3,249.0,4.78,31.0,30.0,112.0,7.22,4.3,False,,,,,,,,,,,,,,
2014,Kasim Edebali,OLB,Boston Col.,6-2,253.0,4.79,34.5,19.0,115.0,7.2,4.35,False,,,,,,,,,,,,,,
2014,Khairi Fortt,OLB,California,6-2,248.0,4.7,36.0,30.0,120.0,,,True,4.0,126.0,,,,,,,,,,,,
2014,Jeremiah George,ILB,Iowa State,5-11,234.0,4.91,33.0,28.0,116.0,,,True,5.0,154.0,,,,,,,,,,,,
2014,Anthony Hitchens,OLB,Iowa,6-0,240.0,4.74,31.5,23.0,116.0,7.15,4.45,True,4.0,119.0,,,,,,,,,,,,
2014,Adrian Hubbard,OLB,Alabama,6-6,257.0,4.69,38.5,,117.0,,,False,,,,,,,,,,,,,,
2014,Andrew Jackson,ILB,Western Kentucky,6-1,254.0,4.9,,,,,,True,6.0,203.0,,,,,,,,,,,,
2014,Christian Jones,OLB,Florida State,6-3,240.0,4.68,33.5,,115.0,,,False,,,,,,,,,,,,,,
2014,Howard Jones,OLB,Shepherd,6-2,235.0,4.6,40.5,21.0,124.0,7.16,4.41,False,,,,,,,,,,,,,,
2014,Devon Kennard,OLB,USC,6-3,249.0,4.7,30.0,23.0,113.0,7.25,4.32,True,5.0,174.0,,,,,,,,,,,,
2014,Christian Kirksey,OLB,Iowa,6-2,233.0,4.72,32.0,16.0,122.0,,,True,3.0,71.0,,,,,,,,,,,,
2014,Boseko Lokombo,OLB,Oregon,6-2,225.0,4.66,,,122.0,7.15,4.3,False,,,,,,,,,,,,,,
2014,Khalil Mack,OLB,Buffalo,6-3,251.0,4.65,40.0,23.0,128.0,7.08,4.18,True,1.0,5.0,,,,,,,,,,,,
2014,James Morris,ILB,Iowa,6-1,241.0,4.8,34.5,18.0,117.0,6.94,4.36,False,,,,,,,,,,,,,,
2014,C.J. Mosley,ILB,Alabama,6-2,234.0,4.65,35.0,,118.0,7.3,4.4,True,1.0,17.0,,,,,,,,,,,,
2014,Jonathan Newsome,OLB,Ball State,6-3,247.0,4.73,34.0,21.0,117.0,7.31,4.63,True,5.0,166.0,,,,,,,,,,,,
2014,Kyle Van Noy,OLB,BYU,6-3,243.0,4.71,32.5,21.0,112.0,7.22,4.2,True,2.0,40.0,,,,,,,,,,,,
2014,Kevin Pierre-Louis,OLB,Boston Col.,6-0,232.0,4.51,39.0,28.0,128.0,6.92,4.02,True,4.0,132.0,,,,,,,,,,,,
2014,Ronald Powell,OLB,Florida,6-3,237.0,4.65,35.5,21.0,114.0,,,True,5.0,169.0,,,,,,,,,,,,
2014,Trevor Reilly,OLB,Utah,6-5,245.0,4.67,,26.0,,,,True,7.0,233.0,,,,,,,,,,,,
2014,Ryan Shazier,OLB,Ohio State,6-1,237.0,4.58,42.0,25.0,130.0,6.91,4.21,True,1.0,15.0,,,,,,,,,,,,
2014,Prince Shembo,OLB,Notre Dame,6-1,253.0,4.71,38.5,26.0,122.0,7.29,4.31,True,4.0,139.0,,,,,,,,,,,,
2014,Shayne Skov,ILB,Stanford,6-2,245.0,5.09,,,,,,False,,,,,,,,,,,,,,
2014,Yawin Smallwood,ILB,Connecticut,6-2,246.0,,36.5,18.0,108.0,,,True,7.0,253.0,,,,,,,,,,,,
2014,Chris Smith,OLB,Arkansas,6-1,266.0,4.66,37.0,28.0,121.0,7.55,4.46,True,5.0,159.0,,,,,,,,,,,,
2014,Telvin Smith,OLB,Florida State,6-3,218.0,4.52,31.5,,119.0,,,True,5.0,144.0,,,,,,,,,,,,
2014,Tyler Starr,OLB,South Dakota,6-4,250.0,4.95,32.0,24.0,116.0,6.64,4.15,True,7.0,255.0,,,,,,,,,,,,
2014,Jordan Tripp,OLB,Montana,6-3,234.0,4.67,37.5,22.0,120.0,6.89,3.96,True,5.0,171.0,,,,,,,,,,,,
2014,Uani' Unga,ILB,BYU,6-1,231.0,4.82,,,,,,False,,,,,,,,,,,,,,
2014,Avery Williamson,ILB,Kentucky,6-1,246.0,4.66,30.5,25.0,120.0,7.11,4.07,True,5.0,151.0,,,,,,,,,,,,
2014,Jordan Zumwalt,OLB,UCLA,6-4,235.0,4.76,33.0,,116.0,6.99,4.25,True,6.0,192.0,,,,,,,,,,,,
2015,Kwon Alexander,OLB,LSU,6-1,227.0,4.55,36.0,24.0,121.0,7.14,4.2,True,4.0,124.0,,,,,,,,,,,,
2015,Stephone Anthony,ILB,Clemson,6-3,243.0,4.56,37.0,23.0,122.0,7.07,4.03,True,1.0,31.0,,,,,,,,,,,,
2015,Neiron Ball,OLB,Florida,6-2,236.0,4.65,,22.0,,,,True,5.0,161.0,,,,,,,,,,,,
2015,Vic Beasley,OLB,Clemson,6-3,246.0,4.53,41.0,35.0,130.0,6.91,4.15,True,1.0,8.0,,,,,,,,,,,,
2015,Yannick Cudjoe-Virgil,OLB,Maryland,6-2,248.0,4.8,,25.0,,,,False,,,,,,,,,,,,,,
2015,Aaron Davis,OLB,Colorado State,6-0,225.0,4.95,29.0,16.0,107.0,7.38,4.37,False,,,,,,,,,,,,,,
2015,Paul Dawson,ILB,TCU,6-0,235.0,4.93,28.0,21.0,109.0,,4.49,True,3.0,99.0,,,,,,,,,,,,
2015,Trey DePriest,ILB,Alabama,6-0,254.0,4.93,,,,,,False,,,,,,,,,,,,,,
2015,Xzavier Dickson,OLB,Alabama,6-3,260.0,4.74,29.5,19.0,100.0,7.56,4.53,True,7.0,253.0,,,,,,,,,,,,
2015,Kyle Emanuel,OLB,North Dakota State,6-3,255.0,4.77,34.0,27.0,120.0,7.1,4.25,True,5.0,153.0,,,,,,,,,,,,
2015,Dante Fowler,OLB,Florida,6-3,261.0,4.6,32.5,19.0,112.0,7.4,4.32,True,1.0,3.0,,,,,,,,,,,,
2015,Alani Fua,OLB,BYU,6-5,238.0,4.73,34.5,18.0,118.0,6.83,4.15,False,,,,,,,,,,,,,,
2015,Markus Golden,OLB,Missouri,6-2,260.0,4.9,,,,,,True,2.0,58.0,,,,,,,,,,,,
2015,Geneo Grissom,OLB,Oklahoma,6-3,262.0,4.81,37.0,20.0,117.0,7.24,4.38,True,3.0,97.0,,,,,,,,,,,,
2015,Bryce Hager,ILB,Baylor,6-1,234.0,4.6,35.0,26.0,117.0,7.15,4.36,True,7.0,224.0,,,,,,,,,,,,
2015,Eli Harold,OLB,Virginia,6-3,247.0,4.6,35.0,,123.0,7.07,4.16,True,3.0,79.0,,,,,,,,,,,,
2015,Ben Heeney,ILB,Kansas,6-0,231.0,4.59,33.5,19.0,120.0,6.68,4.0,True,5.0,140.0,,,,,,,,,,,,
2015,Amarlo Herrera,ILB,Georgia,6-1,244.0,4.83,32.0,23.0,111.0,7.35,4.27,True,6.0,207.0,,,,,,,,,,,,
2015,Jordan Hicks,OLB,Texas,6-1,236.0,4.68,38.0,20.0,124.0,6.78,4.15,True,3.0,84.0,,,,,,,,,,,,
2015,Zack Hodges,OLB,Harvard,6-2,250.0,4.68,33.5,,125.0,,4.65,False,,,,,,,,,,,,,,
2015,Mike Hull,OLB,Penn State,6-0,237.0,4.68,,31.0,,6.99,4.15,False,,,,,,,,,,,,,,
2015,Taiwan Jones,ILB,Michigan State,6-3,245.0,4.95,32.0,19.0,115.0,7.25,4.33,False,,,,,,,,,,,,,,
2015,Eric Kendricks,ILB,UCLA,6-0,232.0,4.61,38.0,19.0,124.0,,,True,2.0,45.0,,,,,,,,,,,,
2015,Hau'oli Kikaha,OLB,Washington,6-2,253.0,4.93,,,,,,True,2.0,44.0,,,,,,,,,,,,
2015,Lorenzo Mauldin,OLB,Louisville,6-4,259.0,4.85,32.0,23.0,112.0,7.47,4.58,True,3.0,82.0,,,,,,,,,,,,
2015,Benardrick McKinney,ILB,Mississippi State,6-4,246.0,4.66,40.5,16.0,121.0,7.21,4.27,True,2.0,43.0,,,,,,,,,,,,
2015,Mark Nzeocha,OLB,Wyoming,6-2,232.0,4.56,,24.0,,,,True,7.0,236.0,,,,,,,,,,,,
2015,Denzel Perryman,ILB,Miami (FL),5-11,236.0,4.78,32.0,27.0,113.0,,,True,2.0,48.0,,,,,,,,,,,,
2015,Hayes Pullard,ILB,USC,6-0,240.0,4.78,31.0,19.0,110.0,7.07,4.39,True,7.0,219.0,,,,,,,,,,,,
2015,Edmond Robinson,OLB,Newberry,6-3,245.0,4.61,37.0,20.0,121.0,7.49,4.38,True,7.0,232.0,,,,,,,,,,,,
2015,Jake Ryan,OLB,Michigan,6-2,240.0,4.65,34.5,20.0,120.0,7.11,4.2,True,4.0,129.0,,,,,,,,,,,,
2015,Martrell Spaight,ILB,Arkansas,6-0,236.0,4.81,35.0,25.0,120.0,7.66,,True,5.0,141.0,,,,,,,,,,,,
2015,J.R. Tavai,OLB,USC,6-2,249.0,4.91,30.5,20.0,112.0,,,False,,,,,,,,,,,,,,
2015,Shaq Thompson,OLB,Washington,6-0,228.0,4.64,33.5,,117.0,6.99,4.08,True,1.0,25.0,,,,,,,,,,,,
2015,Davis Tull,OLB,Tenn-Chattanooga,6-2,246.0,4.57,42.5,26.0,132.0,,,True,5.0,148.0,,,,,,,,,,,,
2015,Max Valles,OLB,Virginia,6-5,251.0,4.83,36.5,,121.0,7.59,4.37,True,6.0,179.0,,,,,,,,,,,,
2015,Tony Washington,OLB,Oregon,6-4,247.0,4.99,32.5,17.0,110.0,7.2,4.31,False,,,,,,,,,,,,,,
2015,Damien Wilson,ILB,Minnesota,6-0,245.0,4.77,37.0,22.0,119.0,7.21,4.2,True,4.0,127.0,,,,,,,,,,,,
2015,Ramik Wilson,ILB,Georgia,6-2,237.0,4.77,35.0,23.0,111.0,,4.51,True,4.0,118.0,,,,,,,,,,,,
2016,Dominique Alexander,ILB,Oklahoma,6-0,232.0,4.64,28.5,17.0,104.0,,,False,,,,,,,,,,,,,,
2016,Devante Bond,OLB,Oklahoma,6-1,235.0,4.7,37.5,21.0,121.0,7.07,4.36,True,6.0,183.0,,,,,,,,,,,,
2016,Kentrell Brothers,OLB,Missouri,6-0,245.0,4.89,28.5,19.0,110.0,6.99,4.11,True,5.0,160.0,,,,,,,,,,,,
2016,Beniquez Brown,OLB,Mississippi State,6-1,229.0,4.77,31.0,18.0,110.0,7.07,4.28,False,,,,,,,,,,,,,,
2016,De'Vondre Campbell,OLB,Minnesota,6-4,232.0,4.58,34.0,16.0,116.0,,,True,4.0,115.0,,,,,,,,,,,,
2016,Su'A Cravens,OLB,USC,6-1,226.0,4.58,27.0,16.0,114.0,,,True,2.0,53.0,,,,,,,,,,,,
2016,Steven Daniels,ILB,Boston Col.,5-11,243.0,4.86,32.0,16.0,112.0,7.33,4.54,True,7.0,232.0,,,,,,,,,,,,
2016,Kyler Fackrell,OLB,Utah State,6-5,245.0,4.72,34.5,15.0,121.0,,,True,3.0,88.0,,,,,,,,,,,,
2016,Travis Feeney,OLB,Washington,6-4,230.0,4.5,40.0,,130.0,7.2,4.42,True,6.0,220.0,,,,,,,,,,,,
2016,Leonard Floyd,OLB,Georgia,6-6,244.0,4.6,39.5,,127.0,,,True,1.0,9.0,,,,,,,,,,,,
2016,Josh Forrest,ILB,Kentucky,6-3,249.0,4.91,30.5,11.0,118.0,,,True,6.0,190.0,,,,,,,,,,,,
2016,Kris Frost,OLB,Auburn,6-2,240.0,4.97,29.0,,113.0,,,False,,,,,,,,,,,,,,
2016,B.J. Goodson,OLB,Clemson,6-1,242.0,4.69,34.5,30.0,118.0,7.05,4.51,True,4.0,109.0,,,,,,,,,,,,
2016,Scooby Wright III,ILB,Arizona,6-0,239.0,4.9,31.0,22.0,113.0,,4.47,True,7.0,250.0,,,,,,,,,,,,
2016,Myles Jack,OLB,UCLA,6-1,245.0,4.56,,19.0,,,,True,2.0,36.0,,,,,,,,,,,,
2016,Jordan Jenkins,OLB,Georgia,6-3,259.0,4.8,36.5,16.0,121.0,,,True,3.0,83.0,,,,,,,,,,,,
2016,C.J. Johnson,ILB,Mississippi,6-1,234.0,4.81,,,,,4.52,False,,,,,,,,,,,,,,
2016,Deion Jones,OLB,LSU,6-1,222.0,4.59,33.0,,120.0,,,True,2.0,52.0,,,,,,,,,,,,
2016,Raphael Kirby,ILB,Miami (FL),6-0,236.0,4.72,,27.0,,,,False,,,,,,,,,,,,,,
2016,Nick Kwiatkoski,ILB,West Virginia,6-2,243.0,4.73,32.0,19.0,120.0,7.16,4.22,True,4.0,113.0,,,,,,,,,,,,
2016,Darron Lee,OLB,Ohio State,6-1,232.0,4.47,35.5,17.0,133.0,7.12,4.2,True,1.0,20.0,,,,,,,,,,,,
2016,Cory Littleton,OLB,Washington,6-3,238.0,4.73,29.5,,114.0,7.11,4.32,False,,,,,,,,,,,,,,
2016,Steve Longa,ILB,Rutgers,6-1,241.0,4.78,32.0,19.0,116.0,7.5,4.56,False,,,,,,,,,,,,,,
2016,Curt Maggitt,OLB,Tennessee,6-3,247.0,4.73,,,,,,False,,,,,,,,,,,,,,
2016,Blake Martinez,ILB,Stanford,6-2,237.0,4.71,28.5,22.0,113.0,6.98,4.2,True,4.0,131.0,,,,,,,,,,,,
2016,Tyler Matakevich,OLB,Temple,6-0,238.0,4.81,31.0,22.0,112.0,7.19,4.5,True,7.0,246.0,,,,,,,,,,,,
2016,Cassanova McKinzy,ILB,Auburn,6-1,248.0,4.83,,21.0,,,,False,,,,,,,,,,,,,,
2016,Antonio Morrison,ILB,Florida,6-1,232.0,4.76,,,,,,True,4.0,125.0,,,,,,,,,,,,
2016,Jared Norris,ILB,Utah,6-1,241.0,4.8,29.5,19.0,114.0,,4.52,False,,,,,,,,,,,,,,
2016,Montese Overton,OLB,East Carolina,6-2,223.0,4.61,34.0,18.0,123.0,7.15,4.47,False,,,,,,,,,,,,,,
2016,Gionni Paul,ILB,Utah,5-10,231.0,5.05,31.0,22.0,113.0,,,False,,,,,,,,,,,,,,
2016,Joshua Perry,ILB,Ohio State,6-4,254.0,4.68,33.5,20.0,124.0,,,True,4.0,102.0,,,,,,,,,,,,
2016,Reggie Ragland,ILB,Alabama,6-1,247.0,4.72,31.5,,116.0,,4.28,True,2.0,41.0,,,,,,,,,,,,
2016,Joe Schobert,OLB,Wisconsin,6-1,244.0,4.76,33.5,22.0,111.0,7.11,4.3,True,4.0,99.0,,,,,,,,,,,,
2016,Jaylon Smith,OLB,Notre Dame,6-2,223.0,4.67,,,,,,True,2.0,34.0,,,,,,,,,,,,
2016,Terrance Smith,ILB,Florida State,6-3,235.0,4.77,34.5,19.0,120.0,,,False,,,,,,,,,,,,,,
2016,Eric Striker,OLB,Oklahoma,5-11,227.0,4.8,30.0,23.0,116.0,7.3,4.46,False,,,,,,,,,,,,,,
2016,Nick Vigil,ILB,Utah State,6-2,239.0,4.72,31.5,,115.0,6.73,4.0,True,3.0,87.0,,,,,,,,,,,,
2016,Stephen Weatherly,OLB,Vanderbilt,6-4,267.0,4.61,31.0,23.0,117.0,,,True,7.0,227.0,,,,,,,,,,,,
2017,Ryan Anderson,OLB,Alabama,6-2,253.0,4.78,,,,,,True,2.0,49.0,8.5,8.5,18.5,18.5,8.0,8.0,3.0,3.0,31.0,31.0,61.0,61.0
2017,Alex Anzalone,OLB,Florida,6-3,241.0,4.63,30.5,16.0,116.0,6.88,4.25,True,3.0,76.0,3.0,3.0,4.0,4.0,6.0,6.0,2.0,2.0,22.0,22.0,53.0,53.0
2017,Kendell Beckwith,ILB,LSU,6-2,243.0,,,20.0,,,,True,3.0,107.0,1.0,1.0,6.0,6.0,1.0,1.0,4.0,4.0,33.0,33.0,91.0,91.0
2017,Vince Biegel,OLB,Wisconsin,6-3,246.0,4.67,33.5,21.0,118.0,6.92,4.3,True,4.0,108.0,4.0,4.0,6.0,6.0,7.0,7.0,1.0,1.0,29.0,29.0,44.0,44.0
2017,Ben Boulware,ILB,Clemson,6-0,238.0,,29.5,20.0,111.0,7.02,4.43,False,,,4.0,4.0,11.5,11.5,0.0,0.0,2.0,2.0,58.0,58.0,116.0,116.0
2017,Tashawn Bower,OLB,LSU,6-5,250.0,4.82,31.5,20.0,121.0,7.2,4.37,False,,,4.0,4.0,5.5,5.5,5.0,5.0,1.0,1.0,12.0,12.0,23.0,23.0
2017,Tyus Bowser,OLB,Houston,6-3,247.0,4.65,37.5,21.0,127.0,6.75,,True,2.0,47.0,8.5,8.5,12.0,12.0,9.0,9.0,4.0,4.0,27.0,27.0,47.0,47.0
2017,Blair Brown,ILB,Ohio,5-11,238.0,4.65,37.0,,124.0,6.92,4.18,True,5.0,148.0,4.5,4.5,14.5,14.5,0.0,0.0,0.0,0.0,71.0,71.0,128.0,128.0
2017,Jayon Brown,ILB,UCLA,6-0,231.0,4.7,31.5,17.0,120.0,,,True,5.0,155.0,2.5,2.5,7.0,7.0,1.0,1.0,6.0,6.0,69.0,69.0,119.0,119.0
2017,Riley Bullough,ILB,Michigan State,6-2,226.0,,31.5,20.0,116.0,,,False,,,0.0,0.0,6.5,6.5,7.0,7.0,0.0,0.0,20.0,20.0,76.0,76.0
2017,Zach Cunningham,OLB,Vanderbilt,6-3,234.0,4.67,35.0,15.0,125.0,7.03,4.29,True,2.0,57.0,0.0,0.0,16.5,16.5,1.0,1.0,3.0,3.0,71.0,71.0,125.0,125.0
2017,Jarrad Davis,ILB,Florida,6-1,238.0,,,,,,,True,1.0,21.0,2.0,2.0,6.0,6.0,5.0,5.0,4.0,4.0,29.0,29.0,60.0,60.0
2017,Kevin Davis,ILB,Colorado State,6-2,235.0,4.91,30.5,11.0,110.0,7.18,4.38,False,,,3.0,3.0,10.5,10.5,4.0,4.0,2.0,2.0,66.0,66.0,110.0,110.0
2017,Dylan Donahue,OLB,West Georgia,6-3,248.0,4.75,29.5,26.0,116.0,7.02,4.46,True,5.0,181.0,,,,,,,,,,,,
2017,Brooks Ellis,ILB,Arkansas,6-2,240.0,4.79,29.5,18.0,115.0,6.8,4.25,False,,,1.0,1.0,7.0,7.0,3.0,3.0,5.0,5.0,38.0,38.0,83.0,83.0
2017,Devonte Fields,OLB,Louisville,6-2,236.0,4.72,34.0,,124.0,7.4,4.5,False,,,6.0,6.0,9.0,9.0,10.0,10.0,3.0,3.0,24.0,24.0,45.0,45.0
2017,Reuben Foster,ILB,Alabama,6-0,229.0,,,,,,,True,1.0,31.0,5.0,5.0,13.0,13.0,7.0,7.0,2.0,2.0,60.0,60.0,115.0,115.0
2017,Ben Gedeon,ILB,Michigan,6-2,244.0,4.75,34.5,27.0,119.0,6.98,4.13,True,4.0,120.0,4.5,4.5,15.0,15.0,2.0,2.0,2.0,2.0,39.0,39.0,94.0,94.0
2017,Connor Harris,ILB,Lindenwood,5-11,242.0,4.73,33.0,18.0,114.0,7.13,4.31,False,,,,,,,,,,,,,,
2017,Anthony Walker Jr.,ILB,Northwestern,6-1,238.0,4.65,30.5,23.0,116.0,7.23,4.34,True,5.0,161.0,,,,,,,,,,,,
2017,Keith Kelsey,ILB,Louisville,6-0,233.0,4.92,29.5,23.0,112.0,7.28,4.56,False,,,1.0,1.0,4.0,4.0,4.0,4.0,2.0,2.0,47.0,47.0,91.0,91.0
2017,Harvey Langi,ILB,BYU,6-2,251.0,,33.0,23.0,118.0,7.0,4.32,False,,,2.0,2.0,5.0,5.0,2.0,2.0,2.0,2.0,31.0,31.0,56.0,56.0
2017,Marquel Lee,ILB,Wake Forest,6-3,240.0,,31.0,25.0,118.0,,,True,5.0,168.0,7.5,7.5,20.0,20.0,4.0,4.0,0.0,0.0,63.0,63.0,105.0,105.0
2017,Takkarist McKinley,OLB,UCLA,6-2,250.0,4.59,33.0,24.0,122.0,7.48,4.62,True,1.0,26.0,10.0,10.0,18.0,18.0,3.0,3.0,6.0,6.0,50.0,50.0,61.0,61.0
2017,Raekwon McMillan,ILB,Ohio State,6-2,240.0,4.61,33.0,23.0,121.0,7.15,4.39,True,2.0,54.0,2.0,2.0,7.0,7.0,2.0,2.0,4.0,4.0,49.0,49.0,102.0,102.0
2017,Matt Milano,OLB,Boston Col.,6-0,223.0,4.67,35.0,24.0,126.0,,,True,5.0,163.0,6.5,6.5,12.0,12.0,1.0,1.0,2.0,2.0,42.0,42.0,59.0,59.0
2017,Hardy Nickerson,ILB,Illinois,6-0,232.0,4.78,33.0,18.0,116.0,,4.38,False,,,2.0,2.0,5.5,5.5,1.0,1.0,0.0,0.0,38.0,38.0,107.0,107.0
2017,Carroll Phillips,OLB,Illinois,6-3,242.0,4.64,30.0,23.0,123.0,7.06,4.37,False,,,9.0,9.0,20.0,20.0,3.0,3.0,0.0,0.0,30.0,30.0,56.0,56.0
2017,Ejuan Price,OLB,Pittsburgh,5-11,241.0,4.84,31.5,20.0,117.0,,4.34,True,7.0,234.0,13.0,13.0,23.0,23.0,14.0,14.0,1.0,1.0,34.0,34.0,45.0,45.0
2017,Haason Reddick,OLB,Temple,6-1,237.0,4.52,36.5,24.0,133.0,7.01,4.37,True,1.0,13.0,9.5,9.5,22.5,22.5,3.0,3.0,3.0,3.0,43.0,43.0,65.0,65.0
2017,Jalen Reeves-Maybin,OLB,Tennessee,6-0,230.0,,,,,,,True,4.0,124.0,0.0,0.0,2.0,2.0,0.0,0.0,0.0,0.0,12.0,12.0,20.0,20.0
2017,Duke Riley,OLB,LSU,6-0,232.0,4.58,34.5,18.0,122.0,6.89,4.21,True,3.0,75.0,1.5,1.5,9.0,9.0,3.0,3.0,1.0,1.0,39.0,39.0,92.0,92.0
2017,Pita Taumoepenu,OLB,Utah,6-1,243.0,4.67,28.5,24.0,112.0,6.91,4.33,True,6.0,202.0,9.0,9.0,12.0,12.0,4.0,4.0,0.0,0.0,27.0,27.0,41.0,41.0
2017,Tanner Vallejo,ILB,Boise State,6-1,228.0,4.67,33.5,,121.0,,4.39,True,6.0,195.0,1.0,1.0,6.0,6.0,1.0,1.0,0.0,0.0,39.0,39.0,69.0,69.0
2017,T.J. Watt,OLB,Wisconsin,6-4,252.0,4.69,37.0,21.0,128.0,6.79,4.13,True,1.0,30.0,11.5,11.5,15.5,15.5,13.0,13.0,4.0,4.0,38.0,38.0,63.0,63.0
2017,Tim Williams,OLB,Alabama,6-3,244.0,4.68,33.5,,124.0,7.36,4.57,True,3.0,78.0,9.0,9.0,16.0,16.0,12.0,12.0,2.0,2.0,22.0,22.0,31.0,31.0
2018,Genard Avery,ILB,Memphis,6-1,248.0,4.59,36.0,26.0,124.0,6.9,4.36,True,5.0,150.0,13.5,8.5,32.0,22.0,13.0,7.0,4.0,2.0,113.0,52.0,159.0,80.0
2018,Jerome Baker,OLB,Ohio State,6-1,229.0,4.53,36.5,22.0,126.0,,,True,3.0,73.0,7.0,3.5,17.5,8.0,2.0,2.0,3.0,3.0,87.0,42.0,155.0,72.0
2018,Keishawn Bierria,ILB,Washington,6-2,230.0,4.79,30.5,21.0,117.0,7.26,,True,6.0,217.0,3.0,1.0,9.0,4.0,1.0,0.0,4.0,2.0,82.0,41.0,128.0,60.0
2018,Oren Burks,OLB,Vanderbilt,6-3,233.0,4.59,39.5,18.0,131.0,6.82,4.15,True,3.0,88.0,4.5,1.0,13.5,7.0,6.0,1.0,9.0,3.0,85.0,45.0,141.0,82.0
2018,Jason Cabinda,ILB,Penn State,6-1,239.0,,,19.0,,,,False,,,3.5,2.5,10.5,6.5,2.0,1.0,6.0,3.0,70.0,34.0,168.0,88.0
2018,Jack Cichy,ILB,Wisconsin,6-2,238.0,,,18.0,,,,True,6.0,202.0,1.5,0.0,7.0,0.0,3.0,0.0,2.0,0.0,45.0,0.0,60.0,0.0
2018,Chris Covington,OLB,Indiana,6-2,245.0,4.78,,23.0,,,,True,6.0,193.0,5.0,3.0,15.0,12.0,6.0,5.0,5.0,5.0,69.0,50.0,114.0,85.0
2018,Nick Deluca,OLB,North Dakota State,6-3,251.0,4.85,29.5,18.0,112.0,7.09,4.23,False,,,,,,,,,,,,,,
2018,Tremaine Edmunds,LB,Virginia Tech,6-5,253.0,4.54,,19.0,117.0,,,True,1.0,16.0,10.0,5.5,32.5,14.0,13.0,4.0,5.0,2.0,116.0,60.0,215.0,109.0
2018,Leighton Vander esch,ILB,Boise State,6-4,256.0,4.65,39.5,20.0,124.0,6.88,4.15,True,1.0,19.0,,,,,,,,,,,,
2018,Rashaan Evans,LB,Alabama,6-3,232.0,,30.0,,116.0,6.95,4.36,True,1.0,22.0,10.0,6.0,17.5,13.0,13.0,7.0,5.0,3.0,66.0,35.0,126.0,74.0
2018,Shaquem Griffin,OLB,Central Florida,6-1,227.0,4.38,,20.0,117.0,,,True,5.0,141.0,17.5,7.0,31.5,13.5,11.0,9.0,9.0,3.0,97.0,43.0,160.0,74.0
2018,Shaun dion Hamilton,ILB,Alabama,6-0,228.0,,,20.0,,,,True,6.0,197.0,,,,,,,,,,,,
2018,Joel Iyiegbuniwe,LB,Western Kentucky,6-1,229.0,4.6,35.0,19.0,117.0,7.06,4.28,True,4.0,115.0,5.5,2.0,21.5,11.5,7.0,2.0,4.0,1.0,93.0,54.0,181.0,117.0
2018,Malik Jefferson,OLB,Texas,6-3,236.0,4.52,36.0,27.0,125.0,,,True,3.0,78.0,9.5,4.0,18.5,10.0,8.0,5.0,2.0,0.0,122.0,79.0,169.0,110.0
2018,Josey Jewell,ILB,Iowa,6-1,234.0,4.82,33.0,18.0,117.0,6.8,4.27,True,4.0,106.0,6.0,4.5,19.5,13.5,7.0,2.0,20.0,11.0,127.0,69.0,256.0,132.0
2018,Micah Kiser,ILB,Virginia,6-2,238.0,4.66,35.5,,121.0,7.05,4.24,True,5.0,147.0,11.5,5.0,19.5,9.5,4.0,2.0,10.0,4.0,115.0,50.0,276.0,143.0
2018,Darius Leonard,OLB,South Carolina State,6-2,234.0,4.7,,17.0,,,,True,2.0,36.0,0.0,0.0,1.0,0.0,0.0,0.0,1.0,0.0,20.0,0.0,43.0,0.0
2018,Mike McCray,ILB,Michigan,6-4,243.0,4.76,31.5,16.0,119.0,7.09,4.25,False,,,9.0,4.5,30.0,16.5,9.0,5.0,6.0,0.0,93.0,49.0,151.0,79.0
2018,Skai Moore,OLB,South Carolina,6-2,226.0,4.73,36.0,,117.0,,,False,,,2.0,2.0,8.0,8.0,4.0,4.0,2.0,2.0,62.0,62.0,93.0,93.0
2018,Dorian O'daniel,OLB,Clemson,6-1,223.0,4.61,32.0,21.0,119.0,6.64,4.07,True,3.0,100.0,,,,,,,,,,,,
2018,Jacob Pugh,OLB,Florida State,6-4,246.0,4.65,38.5,,122.0,,,False,,,4.5,0.0,7.0,1.0,3.0,1.0,2.0,2.0,40.0,11.0,64.0,21.0
2018,Christian Sam,ILB,Arizona State,6-2,244.0,4.75,32.0,28.0,114.0,7.03,4.25,True,6.0,178.0,3.0,3.0,9.5,9.5,1.0,1.0,1.0,1.0,88.0,87.0,128.0,127.0
2018,Tegray Scales,ILB,Indiana,6-0,230.0,4.77,,27.0,,,,False,,,12.0,5.0,34.0,10.5,6.0,2.0,2.0,1.0,141.0,49.0,200.0,77.0
2018,Andre Smith,ILB,North Carolina,6-0,237.0,4.63,,19.0,,,,True,7.0,234.0,1.0,0.0,6.5,0.5,0.0,0.0,4.0,1.0,66.0,10.0,134.0,21.0
2018,Roquan Smith,OLB,Georgia,6-1,236.0,4.51,,,,,,True,1.0,8.0,6.5,6.5,17.5,12.5,4.0,3.0,3.0,2.0,129.0,77.0,220.0,125.0
2018,Matthew Thomas,OLB,Florida State,6-3,232.0,4.58,41.5,,131.0,6.85,4.28,False,,,3.0,2.0,21.0,10.0,5.0,1.0,4.0,2.0,93.0,43.0,162.0,85.0
2018,Azeem Victor,ILB,Washington,6-1,240.0,4.72,32.5,19.0,115.0,7.2,4.4,True,6.0,216.0,2.0,2.0,5.0,2.0,0.0,0.0,4.0,3.0,67.0,21.0,98.0,30.0
2018,Fred Warner,OLB,BYU,6-3,236.0,4.64,38.5,21.0,119.0,6.9,4.28,True,3.0,70.0,2.5,1.0,19.5,9.0,0.0,0.0,11.0,5.0,95.0,48.0,173.0,87.0
2018,Chris Worley,ILB,Ohio State,6-2,238.0,4.86,29.5,15.0,,,,False,,,1.0,1.0,9.5,5.0,5.0,4.0,6.0,2.0,78.0,35.0,125.0,56.0
2018,Kenny Young,ILB,UCLA,6-1,236.0,4.6,36.0,23.0,117.0,7.38,4.48,True,4.0,122.0,6.0,1.0,17.0,8.5,0.0,0.0,5.0,3.0,134.0,77.0,199.0,109.0
2019,Azeez Al-Shaair,LB,Florida Atlantic,6-1,234.0,,,16.0,,,,False,,,6.5,2.0,22.5,3.0,9.0,3.0,4.0,0.0,151.0,24.0,301.0,43.0
2019,Otaro Alaka,LB,Texas A&M,6-3,239.0,4.82,36.0,20.0,131.0,,,False,,,11.5,4.0,35.5,14.5,9.0,4.0,3.0,1.0,106.0,39.0,231.0,79.0
2019,Dakota Allen,LB,Texas Tech,6-1,232.0,4.77,31.5,23.0,116.0,6.88,4.04,True,7.0,251.0,2.5,0.5,12.5,6.5,8.0,5.0,6.0,2.0,95.0,37.0,174.0,73.0
2019,Bryson Allen-Williams,LB,South Carolina,6-1,236.0,4.88,,14.0,,7.4,,False,,,6.0,2.0,21.0,9.5,6.0,4.0,2.0,0.0,77.0,28.0,123.0,39.0
2019,Jeff Allison,LB,Fresno State,5-11,228.0,4.82,31.0,12.0,115.0,7.2,4.45,False,,,,,,,,,,,,,,
2019,Cody Barton,LB,Utah,6-2,237.0,4.64,32.5,30.0,116.0,6.9,4.03,True,3.0,88.0,9.0,4.0,24.0,11.5,3.0,3.0,10.0,6.0,128.0,69.0,224.0,117.0
2019,Ben Burr-Kirven,LB,Washington,6-0,230.0,4.56,34.5,21.0,121.0,6.85,4.09,True,5.0,142.0,3.0,2.0,9.5,4.5,1.0,0.0,12.0,6.0,166.0,89.0,293.0,165.0
2019,Devin Bush,LB,Michigan,5-11,234.0,4.43,40.5,21.0,124.0,6.93,4.23,True,1.0,10.0,10.0,5.0,18.5,9.0,4.0,2.0,12.0,4.0,90.0,41.0,171.0,67.0
2019,Blake Cashman,LB,Minnesota,6-1,237.0,4.5,37.5,18.0,124.0,6.95,4.12,True,5.0,157.0,12.0,2.5,30.5,15.0,0.0,0.0,7.0,5.0,113.0,62.0,179.0,104.0
2019,Te'von Coney,LB,Notre Dame,6-1,234.0,,,,,,,False,,,6.5,3.5,21.0,9.0,13.0,6.0,4.0,4.0,142.0,60.0,279.0,111.0
2019,Ryan Connelly,LB,Wisconsin,6-2,242.0,4.66,34.5,,118.0,7.09,4.31,True,5.0,143.0,6.0,3.0,28.0,10.0,9.0,6.0,5.0,1.0,151.0,58.0,236.0,89.0
2019,Deshaun Davis,LB,Auburn,5-11,234.0,,31.0,25.0,111.0,,4.38,True,6.0,210.0,6.0,3.5,27.0,14.5,10.0,4.0,6.0,2.0,125.0,57.0,252.0,112.0
2019,Tyrel Dodson,LB,Texas A&M,6-0,237.0,4.6,,24.0,118.0,,,False,,,6.5,1.0,18.0,6.5,6.0,2.0,11.0,3.0,102.0,38.0,192.0,61.0
2019,T.J. Edwards,LB,Wisconsin,6-0,230.0,,,16.0,,,,False,,,8.0,3.0,30.0,10.5,8.0,3.0,11.0,2.0,169.0,68.0,273.0,103.0
2019,Emeke Egbule,LB,Houston,6-2,245.0,4.65,33.0,20.0,119.0,7.38,4.38,True,6.0,200.0,4.0,2.0,12.0,5.5,15.0,9.0,6.0,5.0,90.0,39.0,153.0,69.0
2019,Joe Giles-Harris,LB,Duke,6-2,234.0,4.75,29.5,17.0,111.0,,,False,,,9.5,1.0,31.5,7.0,10.0,2.0,8.0,2.0,142.0,34.0,306.0,81.0
2019,Andrew Van ginkel,LB,Wisconsin,6-3,241.0,,38.0,17.0,123.0,6.89,4.14,True,5.0,151.0,,,,,,,,,,,,
2019,Dre Greenlaw,LB,Arkansas,5-11,237.0,,33.0,24.0,117.0,,,True,5.0,148.0,3.0,2.0,9.5,6.5,4.0,1.0,2.0,0.0,113.0,38.0,226.0,80.0
2019,Nate Hall,LB,Northwestern,6-2,225.0,,,,,,,False,,,5.0,0.0,29.0,5.5,6.0,2.0,8.0,0.0,124.0,32.0,205.0,51.0
2019,Terez Hall,LB,Missouri,6-1,230.0,,,20.0,,,,False,,,6.0,5.0,23.5,9.0,9.0,8.0,4.0,1.0,107.0,45.0,175.0,70.0
2019,Terrill Hanks,LB,New Mexico State,6-2,242.0,4.98,35.5,21.0,118.0,,,False,,,10.0,1.0,37.0,8.5,10.0,3.0,13.0,2.0,121.0,33.0,311.0,101.0
2019,Chase Hansen,LB,Utah,6-3,222.0,,,,,,,False,,,7.0,5.0,32.0,22.0,5.0,1.0,15.0,4.0,155.0,70.0,255.0,114.0
2019,Gary Johnson,LB,Texas,6-0,226.0,4.43,33.5,16.0,121.0,7.15,4.57,False,,,9.0,7.0,23.0,17.0,12.0,8.0,2.0,1.0,99.0,61.0,150.0,90.0
2019,Jordan Jones,LB,Kentucky,6-2,234.0,4.62,32.5,23.0,123.0,,4.37,False,,,7.5,1.5,29.0,6.0,14.0,2.0,9.0,4.0,141.0,31.0,241.0,68.0
2019,Kendall Joseph,LB,Clemson,6-0,233.0,,,25.0,,,,False,,,7.5,3.5,23.0,5.5,16.0,7.0,2.0,1.0,133.0,37.0,279.0,76.0
2019,Vosean Joseph,LB,Florida,6-1,230.0,,,,,,,True,5.0,147.0,4.0,4.0,14.0,9.0,2.0,1.0,7.0,5.0,69.0,40.0,161.0,93.0
2019,Tre Lamar,LB,Clemson,6-3,253.0,,,,,,,False,,,8.0,3.0,14.0,5.5,7.0,5.0,3.0,1.0,58.0,37.0,141.0,73.0
2019,Bobby Okereke,LB,Stanford,6-1,239.0,4.58,33.5,,122.0,7.25,4.26,True,3.0,89.0,10.5,3.5,20.0,7.5,8.0,3.0,7.0,5.0,120.0,52.0,221.0,94.0
2019,Germaine Pratt,LB,North Carolina State,6-2,240.0,4.57,32.5,24.0,116.0,,,True,3.0,72.0,,,,,,,,,,,,
2019,Cameron Smith,LB,USC,6-2,238.0,4.69,39.0,15.0,123.0,,4.23,True,5.0,162.0,2.5,1.0,25.5,7.5,1.0,0.0,10.0,3.0,154.0,51.0,259.0,69.0
2019,Ty Summers,LB,TCU,6-1,241.0,4.51,36.0,27.0,123.0,,,True,7.0,226.0,9.5,4.0,18.5,5.5,7.0,3.0,8.0,0.0,122.0,29.0,226.0,46.0
2019,Sione Takitaki,LB,BYU,6-1,238.0,4.63,37.0,24.0,125.0,7.21,4.28,True,3.0,80.0,7.0,2.0,19.5,7.0,7.0,3.0,5.0,3.0,104.0,61.0,180.0,101.0
2019,Jahlani Tavai,LB,Hawaii,6-2,250.0,,,,,,,True,2.0,43.0,,,,,,,,,,,,
2019,Drue Tranquill,LB,Notre Dame,6-2,234.0,4.57,37.5,31.0,122.0,6.94,4.14,True,4.0,130.0,3.0,1.5,19.0,6.5,7.0,3.0,8.0,4.0,152.0,59.0,235.0,79.0
2019,Devin White,LB,LSU,6-0,237.0,4.42,39.5,22.0,118.0,7.07,4.17,True,1.0,5.0,8.5,3.0,29.0,12.0,13.0,8.0,9.0,6.0,114.0,62.0,286.0,123.0
2019,Mack Wilson,LB,Alabama,6-1,240.0,,32.0,,117.0,,,True,5.0,155.0,1.0,1.0,7.5,5.0,12.0,7.0,7.0,5.0,62.0,36.0,119.0,71.0
2020,Joe Bachie,LB,Michigan State,6-1,230.0,4.67,33.5,26.0,119.0,6.93,4.34,False,,,8.0,3.5,29.0,9.5,3.0,3.0,11.0,4.0,130.0,37.0,279.0,72.0
2020,Markus Bailey,LB,Purdue,6-0,235.0,,,15.0,,,,True,7.0,215.0,12.5,1.0,26.0,2.0,4.0,1.0,6.0,0.0,205.0,10.0,295.0,14.0
2020,Zack Baun,LB,Wisconsin,6-2,238.0,4.65,32.5,24.0,115.0,7.0,4.31,True,3.0,74.0,15.0,12.5,30.5,19.5,17.0,10.0,4.0,2.0,98.0,53.0,150.0,76.0
2020,Francis Bernard,LB,Utah,6-0,234.0,4.81,32.5,19.0,120.0,,,False,,,0.0,0.0,12.5,7.5,1.0,1.0,3.0,1.0,69.0,45.0,123.0,85.0
2020,Daniel Bituli,LB,Tennessee,6-2,246.0,4.84,32.0,16.0,121.0,,,False,,,4.0,3.0,12.5,3.0,4.0,3.0,5.0,2.0,138.0,50.0,264.0,86.0
2020,Shaun Bradley,LB,Temple,6-1,235.0,4.51,32.5,14.0,121.0,7.07,4.24,True,6.0,196.0,2.0,0.0,22.0,8.0,7.0,1.0,5.0,3.0,168.0,62.0,256.0,87.0
2020,Jordyn Brooks,LB,Texas Tech,6-0,240.0,4.54,,,,,,True,1.0,27.0,7.0,3.0,32.5,20.0,26.0,12.0,6.0,0.0,226.0,66.0,366.0,108.0
2020,Cameron Brown,LB,Penn State,6-5,233.0,4.72,35.5,16.0,123.0,,,True,6.0,183.0,,,,,,,,,,,,
2020,K'Lavon Chaisson,LB,LSU,6-3,254.0,,,,,,,True,1.0,20.0,9.5,6.5,19.0,13.5,9.0,6.0,4.0,2.0,46.0,34.0,92.0,60.0
2020,Nick Coe,LB,Auburn,6-5,280.0,4.89,29.0,21.0,116.0,,,False,,,9.0,0.0,20.5,3.0,12.0,3.0,1.0,0.0,35.0,5.0,71.0,15.0
2020,Carter Coughlin,LB,Minnesota,6-3,236.0,4.57,36.0,,126.0,,,True,7.0,218.0,22.0,4.5,39.0,9.5,4.0,2.0,4.0,4.0,104.0,29.0,152.0,49.0
2020,Akeem Davis-Gaither,LB,Appalachian State,6-1,224.0,,,21.0,,,,True,4.0,107.0,,,,,,,,,,,,
2020,Michael Divinity,LB,LSU,6-2,242.0,4.85,31.0,14.0,115.0,,,False,,,,,,,,,,,,,,
2020,Troy Dye,LB,Oregon,6-3,231.0,,,,,,,True,4.0,132.0,15.0,2.5,41.5,9.5,10.0,4.0,14.0,4.0,228.0,52.0,383.0,84.0
2020,Tipa Galeai,LB,Utah State,6-5,235.0,,,,,,,False,,,13.5,5.0,21.0,9.0,14.0,8.0,3.0,0.0,52.0,30.0,108.0,55.0
2020,Cale Garrett,LB,Missouri,6-2,234.0,4.92,32.0,,124.0,6.91,4.13,False,,,5.0,1.0,26.0,4.0,9.0,2.0,5.0,2.0,190.0,30.0,296.0,39.0
2020,Scoota Harris,LB,Arkansas,6-0,234.0,4.69,33.0,18.0,111.0,7.38,4.32,False,,,,,,,,,,,,,,
2020,Malik Harrison,LB,Ohio State,6-3,247.0,4.66,36.0,,122.0,6.83,4.32,True,3.0,98.0,10.0,4.5,29.0,16.5,4.0,1.0,9.0,4.0,136.0,49.0,206.0,75.0
2020,Khaleke Hudson,LB,Michigan,5-11,224.0,4.56,33.0,30.0,120.0,,,True,5.0,162.0,11.0,1.5,25.0,3.0,10.0,3.0,14.0,3.0,120.0,45.0,231.0,101.0
2020,Anfernee Jennings,LB,Alabama,6-2,256.0,,,,,,,True,3.0,87.0,13.5,8.0,32.5,12.5,20.0,8.0,17.0,5.0,94.0,45.0,185.0,83.0
2020,Clay Johnston,LB,Baylor,6-1,227.0,,,18.0,,,,True,7.0,234.0,4.5,2.5,25.5,8.0,5.0,1.0,7.0,5.0,141.0,35.0,225.0,58.0
2020,Willie Gay Jr.,LB,Mississippi State,6-1,243.0,4.46,39.5,21.0,136.0,7.08,4.3,True,2.0,63.0,5.5,0.0,9.5,2.5,6.0,1.0,4.0,1.0,33.0,7.0,84.0,17.0
2020,Azur Kamara,LB,Kansas,6-3,245.0,4.59,28.0,13.0,121.0,7.2,4.46,False,,,5.0,4.0,10.5,6.5,5.0,4.0,1.0,0.0,42.0,30.0,66.0,51.0
2020,Terrell Lewis,LB,Alabama,6-5,262.0,,37.0,,124.0,,,True,3.0,84.0,8.0,6.0,14.5,11.5,15.0,15.0,3.0,2.0,38.0,21.0,58.0,31.0
2020,Jordan Mack,LB,Virginia,6-3,241.0,,,,,,,False,,,14.5,7.5,24.5,7.5,7.0,2.0,1.0,0.0,122.0,36.0,289.0,69.0
2020,Kamal Martin,LB,Minnesota,6-3,240.0,,,,,,,True,5.0,175.0,3.5,1.0,13.0,2.5,1.0,0.0,5.0,1.0,104.0,36.0,174.0,66.0
2020,Kenneth Murray,LB,Oklahoma,6-2,241.0,4.52,38.0,21.0,129.0,,,True,1.0,23.0,9.5,4.0,37.0,17.0,12.0,5.0,6.0,4.0,179.0,69.0,329.0,102.0
2020,Dante Olson,LB,Montana,6-2,237.0,4.88,42.0,15.0,124.0,7.0,4.32,False,,,0.0,0.0,0.0,0.0,0.0,0.0,0.0,0.0,13.0,10.0,17.0,14.0
2020,Jacob Phillips,LB,LSU,6-3,229.0,4.66,39.0,,126.0,7.38,4.33,True,3.0,97.0,2.0,1.0,13.5,7.5,9.0,3.0,5.0,1.0,93.0,56.0,214.0,113.0
2020,Michael Pinckney,LB,Miami,5-11,235.0,,,,,,,False,,,14.5,5.0,42.0,12.5,13.0,5.0,9.0,3.0,137.0,40.0,264.0,64.0
2020,Shaquille Quarterman,LB,Miami,6-0,234.0,4.74,31.0,23.0,120.0,,,True,4.0,140.0,12.5,1.0,46.5,15.5,25.0,7.0,11.0,5.0,180.0,51.0,351.0,107.0
2020,Patrick Queen,LB,LSU,6-0,229.0,4.5,35.0,18.0,125.0,,,True,1.0,28.0,4.0,3.0,17.5,12.0,2.0,1.0,2.0,2.0,59.0,37.0,131.0,85.0
2020,Chapelle Russell,LB,Temple,6-2,236.0,4.69,35.0,21.0,121.0,7.38,4.41,True,7.0,241.0,3.0,0.0,19.5,8.5,2.0,2.0,9.0,3.0,153.0,48.0,237.0,72.0
2020,Isaiah Simmons,LB,Clemson,6-4,238.0,4.39,39.0,,132.0,,,True,1.0,8.0,10.0,8.0,27.5,16.5,7.0,5.0,20.0,8.0,141.0,67.0,229.0,104.0
2020,Justin Strnad,LB,Wake Forest,6-3,238.0,4.74,29.0,,113.0,,4.49,True,5.0,178.0,8.0,2.0,22.5,5.5,4.0,1.0,10.0,4.0,147.0,38.0,244.0,69.0
2020,Darrell Taylor,LB,Tennessee,6-4,267.0,,,,,,,True,2.0,48.0,19.5,8.5,26.5,10.0,17.0,6.0,7.0,4.0,75.0,28.0,118.0,46.0
2020,Davion Taylor,LB,Colorado,6-0,228.0,4.49,35.0,21.0,127.0,6.96,4.26,True,3.0,103.0,2.0,1.0,18.0,8.0,5.0,1.0,6.0,4.0,98.0,55.0,121.0,64.0
2020,Casey Toohill,LB,Stanford,6-4,250.0,4.62,39.0,17.0,126.0,7.08,4.21,True,7.0,233.0,14.5,8.0,22.0,11.5,20.0,10.0,4.0,1.0,71.0,37.0,123.0,57.0
2020,Josh Uche,LB,Michigan,6-1,245.0,,,18.0,,,,True,2.0,60.0,16.5,8.5,20.5,11.5,10.0,8.0,3.0,2.0,40.0,23.0,54.0,35.0
2020,Mykal Walker,LB,Fresno State,6-3,230.0,4.65,33.0,20.0,122.0,7.09,4.25,True,4.0,119.0,6.5,2.5,22.5,9.0,8.0,3.0,10.0,4.0,94.0,56.0,182.0,96.0
2020,Curtis Weaver,LB,Boise State,6-2,265.0,,32.5,,116.0,7.0,4.27,True,5.0,164.0,33.0,13.5,46.5,19.5,6.0,4.0,6.0,3.0,72.0,32.0,126.0,52.0
2020,Evan Weaver,LB,California,6-2,237.0,4.76,32.0,15.0,117.0,7.02,4.21,True,6.0,202.0,7.5,2.5,21.5,11.5,8.0,5.0,11.0,3.0,216.0,103.0,373.0,181.0
2020,Logan Wilson,LB,Wyoming,6-2,241.0,4.63,32.0,21.0,121.0,7.07,4.27,True,3.0,65.0,7.0,1.0,34.5,8.5,3.0,2.0,14.0,7.0,247.0,62.0,406.0,105.0
2020,David Woodward,LB,Utah State,6-2,230.0,4.79,33.5,16.0,114.0,7.34,4.37,False,,,7.0,2.0,17.5,5.0,3.0,0.0,7.0,2.0,104.0,53.0,215.0,93.0
